txn_id,sender_id,receiver_id,amount,currency,timestamp,txn_type
TX-6473038DC04A,U-5B343EFB,U-55179B0D,10495.08,SEK,2025-09-23T12:17:28.843651,TRANSFER
TX-E0622A1E6782,U-A26B8F31,U-69448C08,20561.72,SEK,2025-10-25T12:17:28.843651,TRANSFER
TX-6A822A524E48,U-4145A2E6,U-20B600BB,33073.5,SEK,2025-10-05T12:17:28.843651,TRANSFER
TX-3E782DB085BC,U-0394A4E6,U-D126D72E,45197.46,SEK,2025-11-03T12:17:28.843651,TRANSFER
TX-752E98D659CF,U-85E23257,U-4C164A94,16038.31,SEK,2025-11-01T12:17:28.843651,TRANSFER
TX-F60180A0CB92,U-55179B0D,U-A26B8F31,20089.21,SEK,2025-11-07T12:17:28.843651,TRANSFER
TX-8A5CF69CB058,U-90B9F64C,U-9DFCE14D,49728.15,SEK,2025-10-05T12:17:28.843651,TRANSFER
TX-37F33330A185,U-567ECBE0,U-63DCAFD0,38736.57,SEK,2025-11-15T12:17:28.843651,TRANSFER
TX-122F37351501,U-38455E9C,U-90B9F64C,43619.46,SEK,2025-10-17T12:17:28.843651,TRANSFER
TX-BEBDBBAFFB11,U-1DFBE7CE,U-3A5D9B61,4379.33,SEK,2025-10-04T12:17:28.843651,TRANSFER
TX-5A56854CDABE,U-A26B8F31,U-AC074304,32949.75,SEK,2025-10-21T12:17:28.843651,TRANSFER
TX-9FE2E6722D24,U-ACA9BFBB,U-2C013416,8839.82,SEK,2025-09-05T12:17:28.843651,TRANSFER
TX-C2DF20F405C3,U-E681EA30,U-DD2CA501,306.58,SEK,2025-11-26T12:17:28.843651,TRANSFER
TX-9F9FE5E4AF5C,U-82A69CAF,U-F602A73E,17553.79,SEK,2025-11-27T12:17:28.843651,TRANSFER
TX-DACD62133C38,U-032928E4,U-095123A5,33555.63,SEK,2025-09-17T12:17:28.843651,TRANSFER
TX-175C6FEE9BF5,U-B04F9201,U-55179B0D,22356.82,SEK,2025-11-09T12:17:28.843651,TRANSFER
TX-C7D9D4354A39,U-A26B8F31,U-2BD65D23,26341.92,SEK,2025-10-19T12:17:28.843651,TRANSFER
TX-A60B3775FCA7,U-D61FECD0,U-B34FC55E,16171.85,SEK,2025-10-18T12:17:28.843651,TRANSFER
TX-E63C6645E8CE,U-ADA6B48C,U-BD86FB58,1594.84,SEK,2025-11-14T12:17:28.843651,TRANSFER
TX-B927DCECAACF,U-F22CE070,U-D126D72E,31906.65,SEK,2025-11-28T12:17:28.843651,TRANSFER
TX-392DDC8C0D23,U-82A69CAF,U-ACA9BFBB,17107.07,SEK,2025-09-18T12:17:28.843651,TRANSFER
TX-4BBB64EAAA7C,U-F602A73E,U-20B600BB,9033.65,SEK,2025-11-24T12:17:28.843651,TRANSFER
TX-5C9250BA3963,U-F602A73E,U-539B7F4F,14230.95,SEK,2025-11-26T12:17:28.843651,TRANSFER
TX-BD60A46FC02A,U-E20E3420,U-78A35E2E,1024.47,SEK,2025-11-15T12:17:28.843651,TRANSFER
TX-22295EFF328B,U-BA9E9B72,U-31005BC3,23885.8,SEK,2025-11-30T12:17:28.843651,TRANSFER
TX-257A6B33CCAB,U-7BC4412E,U-D61FECD0,35058.16,SEK,2025-10-13T12:17:28.843651,TRANSFER
TX-3D94C258DFE9,U-ACA9BFBB,U-1A6C3377,5165.6,SEK,2025-09-29T12:17:28.843651,TRANSFER
TX-0C34B00AB1E9,U-B04F9201,U-AD06EC0E,32051.1,SEK,2025-11-16T12:17:28.843651,TRANSFER
TX-91DE70A1E8F3,U-D126D72E,U-EAF8E418,11051.66,SEK,2025-11-21T12:17:28.843651,TRANSFER
TX-47512A5D7CF2,U-6C54AE82,U-E20E3420,40280.54,SEK,2025-09-12T12:17:28.843651,TRANSFER
TX-A14C4F67A671,U-38455E9C,U-0E32A873,26755.75,SEK,2025-09-19T12:17:28.843651,TRANSFER
TX-8BB9D621A89A,U-9DFCE14D,U-EBE9098D,27015.35,SEK,2025-09-14T12:17:28.843651,TRANSFER
TX-8DFD666EC7EB,U-095123A5,U-062F0271,39618.76,SEK,2025-09-21T12:17:28.843651,TRANSFER
TX-295B6865D7B9,U-0394A4E6,U-4145A2E6,48112.99,SEK,2025-10-24T12:17:28.843651,TRANSFER
TX-8975F2D5074C,U-61F1CC2F,U-78A35E2E,31091.2,SEK,2025-09-23T12:17:28.843651,TRANSFER
TX-13718A612541,U-6398255A,U-5118C6A7,31399.94,SEK,2025-11-04T12:17:28.843651,TRANSFER
TX-B26243C8B828,U-52723C43,U-3A5D9B61,1440.98,SEK,2025-10-16T12:17:28.843651,TRANSFER
TX-A859E4AEC9F1,U-0E32A873,U-5118C6A7,17518.22,SEK,2025-09-08T12:17:28.843651,TRANSFER
TX-85CD7D5820E3,U-9D2B9C17,U-8057742D,38352.66,SEK,2025-10-04T12:17:28.843651,TRANSFER
TX-242723908641,U-DD2CA501,U-F602A73E,609.61,SEK,2025-11-02T12:17:28.843651,TRANSFER
TX-B8782DDC785A,U-8540D3B7,U-9D2B9C17,27054.39,SEK,2025-10-11T12:17:28.843651,TRANSFER
TX-630C426240A8,U-2C013416,U-032928E4,25219.14,SEK,2025-09-14T12:17:28.843651,TRANSFER
TX-AFA73F2C4684,U-69448C08,U-062F0271,45887.61,SEK,2025-11-13T12:17:28.843651,TRANSFER
TX-E8654C47A550,U-D61FECD0,U-5118C6A7,34394.36,SEK,2025-10-03T12:17:28.843651,TRANSFER
TX-2AB3AC28ACEE,U-227CA6E7,U-1E9F9E86,903.99,SEK,2025-10-27T12:17:28.843651,TRANSFER
TX-AC9B84F807A1,U-E681EA30,U-3A5D9B61,26434.82,SEK,2025-09-03T12:17:28.843651,TRANSFER
TX-A7D74F47FBD9,U-8E245F7F,U-B34E644D,26919.76,SEK,2025-10-18T12:17:28.843651,TRANSFER
TX-08FB9B29BE40,U-9DFCE14D,U-F22CE070,24043.71,SEK,2025-09-15T12:17:28.843651,TRANSFER
TX-E913D1CFC6D8,U-E20E3420,U-0394A4E6,16398.29,SEK,2025-11-12T12:17:28.843651,TRANSFER
TX-9A6FE232AFB7,U-1A6C3377,U-38455E9C,21641.52,SEK,2025-11-15T12:17:28.843651,TRANSFER
TX-ECA41FA59391,U-9D2B9C17,U-2C013416,21686.67,SEK,2025-10-12T12:17:28.843651,TRANSFER
TX-E525ECAB9B70,U-4145A2E6,U-91723BAC,47184.82,SEK,2025-10-19T12:17:28.843651,TRANSFER
TX-C4DE330D4BEE,U-52940471,U-DD2CA501,22463.79,SEK,2025-11-26T12:17:28.843651,TRANSFER
TX-EB39A0B95A78,U-E20E3420,U-227CA6E7,21677.2,SEK,2025-09-05T12:17:28.843651,TRANSFER
TX-87E61BCCD36C,U-9D2B9C17,U-B34E644D,43475.51,SEK,2025-10-09T12:17:28.843651,TRANSFER
TX-CA9E46B2EB0C,U-5F13B2F9,U-5E14F388,30776.99,SEK,2025-11-16T12:17:28.843651,TRANSFER
TX-C49BAA173159,U-8E245F7F,U-69448C08,47659.04,SEK,2025-10-15T12:17:28.843651,TRANSFER
TX-19A67FED2473,U-1394B876,U-AD06EC0E,13548.56,SEK,2025-09-23T12:17:28.843651,TRANSFER
TX-432A55323C61,U-0E32A873,U-A26B8F31,38429.14,SEK,2025-11-05T12:17:28.843651,TRANSFER
TX-B05425404F0E,U-697B35FF,U-46FCB00A,1776.82,SEK,2025-10-03T12:17:28.843651,TRANSFER
TX-FFE9EC43352F,U-539B7F4F,U-1A6C3377,24070.94,SEK,2025-10-02T12:17:28.843651,TRANSFER
TX-17A4D9304690,U-B9858C18,U-90B9F64C,28288.64,SEK,2025-10-12T12:17:28.843651,TRANSFER
TX-F46F5D1A325F,U-243DAC86,U-567ECBE0,33345.66,SEK,2025-11-09T12:17:28.843651,TRANSFER
TX-EF1CCF83FCA7,U-82308133,U-ADA6B48C,14699.7,SEK,2025-11-18T12:17:28.843651,TRANSFER
TX-C98108B37C1A,U-AC074304,U-B88E28FE,39223.72,SEK,2025-09-30T12:17:28.843651,TRANSFER
TX-A802CA9955A9,U-7CFB8E6B,U-BB3E915B,661.77,SEK,2025-09-09T12:17:28.843651,TRANSFER
TX-9887AAE7D29B,U-2BB7762B,U-1DFBE7CE,1006.5,SEK,2025-10-16T12:17:28.843651,TRANSFER
TX-A4C75FC4E71A,U-8DFC97F4,U-91723BAC,12398.17,SEK,2025-11-28T12:17:28.843651,TRANSFER
TX-C32800FC4649,U-2FD47D83,U-4DA4AE7B,38126.19,SEK,2025-09-03T12:17:28.843651,TRANSFER
TX-035A5E0537CF,U-D3CA6B12,U-B15BB7C7,13397.23,SEK,2025-11-23T12:17:28.843651,TRANSFER
TX-A8B8544CDE46,U-52723C43,U-6398255A,44381.05,SEK,2025-11-25T12:17:28.843651,TRANSFER
TX-DC44B311A21C,U-B88E28FE,U-243DAC86,23107.51,SEK,2025-12-02T12:17:28.843651,TRANSFER
TX-ACE020354D6C,U-E466E98D,U-ADA6B48C,37986.97,SEK,2025-10-15T12:17:28.843651,TRANSFER
TX-DCF0FA07186B,U-062F0271,U-ACA9BFBB,24729.56,SEK,2025-10-24T12:17:28.843651,TRANSFER
TX-2B57E1D2BF72,U-CA1ABBAD,U-E20E3420,8415.28,SEK,2025-10-29T12:17:28.843651,TRANSFER
TX-C11F92F2E79E,U-5B343EFB,U-F0300908,5137.7,SEK,2025-09-13T12:17:28.843651,TRANSFER
TX-B95B809FD974,U-490DEEA5,U-9DFE947F,13503.79,SEK,2025-09-07T12:17:28.843651,TRANSFER
TX-0E73B76CAEAB,U-1394B876,U-78A35E2E,4209.7,SEK,2025-11-03T12:17:28.843651,TRANSFER
TX-D81499F76E3D,U-490DEEA5,U-38455E9C,2423.49,SEK,2025-11-04T12:17:28.843651,TRANSFER
TX-7E077AF79BC5,U-7CFB8E6B,U-B88E28FE,478.92,SEK,2025-11-18T12:17:28.843651,TRANSFER
TX-17114EE59233,U-8057742D,U-9DFE947F,16485.63,SEK,2025-10-10T12:17:28.843651,TRANSFER
TX-442683DD5415,U-A6399F5F,U-FC982775,19130.55,SEK,2025-11-25T12:17:28.843651,TRANSFER
TX-5C99336C71BE,U-F1F65246,U-EA21961E,13035.76,SEK,2025-11-22T12:17:28.843651,TRANSFER
TX-5F49B2715035,U-567ECBE0,U-38455E9C,32118.6,SEK,2025-09-16T12:17:28.843651,TRANSFER
TX-2C3ABAE42950,U-ACA9BFBB,U-8B6A5FD9,7364.35,SEK,2025-10-15T12:17:28.843651,TRANSFER
TX-38D8C9263F0E,U-EAF8E418,U-243DAC86,27673.77,SEK,2025-10-27T12:17:28.843651,TRANSFER
TX-63FD26D24318,U-38455E9C,U-52723C43,41369.77,SEK,2025-09-15T12:17:28.843651,TRANSFER
TX-15ABF5C716DD,U-4DA4AE7B,U-1A6C3377,8099.49,SEK,2025-10-20T12:17:28.843651,TRANSFER
TX-2C3AAEFF90EE,U-B34E644D,U-227CA6E7,3421.46,SEK,2025-10-24T12:17:28.843651,TRANSFER
TX-4D1A96EACE66,U-82308133,U-D126D72E,37761.46,SEK,2025-10-24T12:17:28.843651,TRANSFER
TX-175202321829,U-78A35E2E,U-3A5D9B61,26389.66,SEK,2025-10-30T12:17:28.843651,TRANSFER
TX-4CD622231BBB,U-6398255A,U-EA21961E,26192.1,SEK,2025-11-19T12:17:28.843651,TRANSFER
TX-993657785370,U-52723C43,U-B9858C18,33621.32,SEK,2025-11-22T12:17:28.843651,TRANSFER
TX-0305455A9908,U-19572687,U-6398255A,32008.72,SEK,2025-11-03T12:17:28.843651,TRANSFER
TX-DA30F99E4C5D,U-69448C08,U-1E0A7A66,669.58,SEK,2025-10-21T12:17:28.843651,TRANSFER
TX-200DA0325641,U-A6399F5F,U-B34FC55E,38145.48,SEK,2025-12-01T12:17:28.843651,TRANSFER
TX-DFD5C74D2399,U-F602A73E,U-85E23257,14681.0,SEK,2025-09-10T12:17:28.843651,TRANSFER
TX-65E1812CE2F7,U-8B6A5FD9,U-1394B876,613.42,SEK,2025-11-14T12:17:28.843651,TRANSFER
TX-871295637093,U-697B35FF,U-CD04EA29,23605.9,SEK,2025-10-09T12:17:28.843651,TRANSFER
TX-99C1424FA45F,U-2FD47D83,U-062F0271,26915.12,SEK,2025-10-18T12:17:28.843651,TRANSFER
TX-CA27DEB61589,U-AF2C94E5,U-BB3E915B,11913.07,SEK,2025-09-18T12:17:28.843651,TRANSFER
TX-50A9FC80F6CB,U-8057742D,U-B04F9201,10012.91,SEK,2025-10-23T12:17:28.843651,TRANSFER
TX-3D203B3DB6D2,U-DD2CA501,U-2C013416,13482.15,SEK,2025-09-29T12:17:28.843651,TRANSFER
TX-F62CD9E292E3,U-2BB7762B,U-7CFB8E6B,6554.04,SEK,2025-11-28T12:17:28.843651,TRANSFER
TX-B0D2A18FABD2,U-D3CA6B12,U-D126D72E,25557.1,SEK,2025-11-06T12:17:28.843651,TRANSFER
TX-A98B1511DD2F,U-7BD99A15,U-CA1ABBAD,33063.55,SEK,2025-10-10T12:17:28.843651,TRANSFER
TX-70D0955BB758,U-1E9F9E86,U-B34FC55E,3788.53,SEK,2025-09-30T12:17:28.843651,TRANSFER
TX-8040E58592DA,U-697B35FF,U-E681EA30,25863.98,SEK,2025-11-23T12:17:28.843651,TRANSFER
TX-E8DB7C55F525,U-ACA9BFBB,U-3A5D9B61,36989.36,SEK,2025-10-07T12:17:28.843651,TRANSFER
TX-43F2FB009E8A,U-1394B876,U-8B6A5FD9,27065.38,SEK,2025-11-03T12:17:28.843651,TRANSFER
TX-966E5072E53D,U-F602A73E,U-F0300908,44724.27,SEK,2025-11-19T12:17:28.843651,TRANSFER
TX-CD024C0C6D1F,U-9DFCE14D,U-FC982775,47380.88,SEK,2025-09-05T12:17:28.843651,TRANSFER
TX-C4E32383A442,U-CA1ABBAD,U-1A6C3377,28292.18,SEK,2025-09-30T12:17:28.843651,TRANSFER
TX-0CEB22AA5112,U-062F0271,U-A6399F5F,2099.64,SEK,2025-11-24T12:17:28.843651,TRANSFER
TX-75897D3D1B26,U-78A35E2E,U-B34E644D,5465.45,SEK,2025-09-05T12:17:28.843651,TRANSFER
TX-66F6CFFF4080,U-5B8A997B,U-2C013416,19793.68,SEK,2025-10-29T12:17:28.843651,TRANSFER
TX-61CA410F2E31,U-DD2CA501,U-0394A4E6,7437.97,SEK,2025-09-10T12:17:28.843651,TRANSFER
TX-CBE6BD677A3C,U-91723BAC,U-5F13B2F9,22819.25,SEK,2025-11-21T12:17:28.843651,TRANSFER
TX-BBCDB875503B,U-E681EA30,U-ACA9BFBB,1489.0,SEK,2025-10-23T12:17:28.843651,TRANSFER
TX-C1DBEB4ED031,U-F0300908,U-8540D3B7,8741.28,SEK,2025-09-09T12:17:28.843651,TRANSFER
TX-87C6E0B53A6E,U-8057742D,U-D61FECD0,46479.75,SEK,2025-10-21T12:17:28.843651,TRANSFER
TX-E6EB71FC4C29,U-7CFB8E6B,U-0E32A873,25056.41,SEK,2025-11-13T12:17:28.843651,TRANSFER
TX-E21D8E228A65,U-227CA6E7,U-8605B00D,17135.59,SEK,2025-09-21T12:17:28.843651,TRANSFER
TX-07291C6B3C37,U-1394B876,U-B04F9201,41279.22,SEK,2025-10-13T12:17:28.843651,TRANSFER
TX-1388B4498132,U-F602A73E,U-A26B8F31,43877.74,SEK,2025-10-15T12:17:28.843651,TRANSFER
TX-1DDADA3467BC,U-38455E9C,U-F22CE070,14140.81,SEK,2025-11-23T12:17:28.843651,TRANSFER
TX-017CD0194363,U-D61FECD0,U-55179B0D,5675.42,SEK,2025-09-30T12:17:28.843651,TRANSFER
TX-D6DF815CB003,U-82A69CAF,U-095123A5,27959.98,SEK,2025-10-07T12:17:28.843651,TRANSFER
TX-3AE04A4702DE,U-52723C43,U-8E245F7F,4067.23,SEK,2025-11-28T12:17:28.843651,TRANSFER
TX-CCA3EC2A2C6C,U-8B6A5FD9,U-38455E9C,16940.4,SEK,2025-11-13T12:17:28.843651,TRANSFER
TX-0EB99408C64B,U-380AD994,U-D126D72E,34680.19,SEK,2025-11-28T12:17:28.843651,TRANSFER
TX-AFA789D13FCE,U-1394B876,U-3FC0DB2C,14214.77,SEK,2025-09-28T12:17:28.843651,TRANSFER
TX-5AB0ED088298,U-490DEEA5,U-CD04EA29,36662.79,SEK,2025-09-07T12:17:28.843651,TRANSFER
TX-43FE5FB69253,U-5118C6A7,U-9DFCE14D,14150.03,SEK,2025-10-25T12:17:28.843651,TRANSFER
TX-F084AA9AA550,U-1E0A7A66,U-F0300908,32928.61,SEK,2025-11-30T12:17:28.843651,TRANSFER
TX-BC98575AE48A,U-D3CA6B12,U-ADA6B48C,33708.4,SEK,2025-10-16T12:17:28.843651,TRANSFER
TX-E11CC568C66E,U-6398255A,U-2FD47D83,40723.8,SEK,2025-10-20T12:17:28.843651,TRANSFER
TX-D5AC095113C4,U-B15BB7C7,U-7BC4412E,28320.4,SEK,2025-11-15T12:17:28.843651,TRANSFER
TX-D2237C685627,U-8605B00D,U-3FC0DB2C,26987.93,SEK,2025-10-30T12:17:28.843651,TRANSFER
TX-40787056D371,U-6398255A,U-4DA4AE7B,19006.45,SEK,2025-09-16T12:17:28.843651,TRANSFER
TX-1A57E8B21B23,U-AC074304,U-CA1ABBAD,43488.15,SEK,2025-11-20T12:17:28.843651,TRANSFER
TX-75AD178ECBCD,U-F22CE070,U-1A6C3377,37078.31,SEK,2025-10-26T12:17:28.843651,TRANSFER
TX-8EEC0F659A5A,U-0394A4E6,U-B04F9201,40080.15,SEK,2025-09-18T12:17:28.843651,TRANSFER
TX-6CD7023DF6E1,U-EA21961E,U-0E32A873,19340.5,SEK,2025-09-30T12:17:28.843651,TRANSFER
TX-6188B6C1F075,U-82308133,U-46FCB00A,24578.73,SEK,2025-10-18T12:17:28.843651,TRANSFER
TX-9A7899D45BF8,U-3A5D9B61,U-832433E5,24127.92,SEK,2025-11-20T12:17:28.843651,TRANSFER
TX-CB3264254B48,U-1E9F9E86,U-5118C6A7,17151.79,SEK,2025-09-10T12:17:28.843651,TRANSFER
TX-22B0DCB35E10,U-F1F65246,U-697B35FF,12885.15,SEK,2025-10-01T12:17:28.843651,TRANSFER
TX-BF4F8876A20B,U-F1F65246,U-E20E3420,3199.41,SEK,2025-12-01T12:17:28.843651,TRANSFER
TX-8131650D4B9B,U-55179B0D,U-31005BC3,48401.28,SEK,2025-09-24T12:17:28.843651,TRANSFER
TX-208CA23D7928,U-697B35FF,U-6398255A,1102.63,SEK,2025-11-24T12:17:28.843651,TRANSFER
TX-C0F13EA23729,U-EAF8E418,U-5E14F388,20789.28,SEK,2025-10-03T12:17:28.843651,TRANSFER
TX-B9CB92E9F096,U-697B35FF,U-AD06EC0E,47064.51,SEK,2025-10-04T12:17:28.843651,TRANSFER
TX-6DA9F87A7CE4,U-61F1CC2F,U-3FC0DB2C,2031.8,SEK,2025-11-06T12:17:28.843651,TRANSFER
TX-D68D45FBF081,U-539B7F4F,U-8DFC97F4,15172.42,SEK,2025-09-11T12:17:28.843651,TRANSFER
TX-17FC44F5CAD0,U-AF2C94E5,U-380AD994,43852.97,SEK,2025-11-09T12:17:28.843651,TRANSFER
TX-5CEDCBD9C71B,U-B15BB7C7,U-EAF8E418,34545.79,SEK,2025-11-19T12:17:28.843651,TRANSFER
TX-19095A6CB1D7,U-F602A73E,U-E466E98D,21150.32,SEK,2025-11-05T12:17:28.843651,TRANSFER
TX-44DC768F53CE,U-5E14F388,U-9D2B9C17,1660.23,SEK,2025-10-24T12:17:28.843651,TRANSFER
TX-FCD05A514127,U-90B9F64C,U-CD04EA29,42890.54,SEK,2025-11-12T12:17:28.843651,TRANSFER
TX-65CE348225AC,U-85E23257,U-69448C08,40373.23,SEK,2025-10-24T12:17:28.843651,TRANSFER
TX-E794C6D676A7,U-EBE9098D,U-EA21961E,41526.81,SEK,2025-09-09T12:17:28.843651,TRANSFER
TX-5821E3FF9463,U-E681EA30,U-6398255A,38896.93,SEK,2025-09-06T12:17:28.843651,TRANSFER
TX-816DC923D0AB,U-5B343EFB,U-EAF8E418,7063.75,SEK,2025-10-20T12:17:28.843651,TRANSFER
TX-09F588B9B5ED,U-46FCB00A,U-F0300908,25535.36,SEK,2025-10-30T12:17:28.843651,TRANSFER
TX-26DD49ABE98D,U-BB3E915B,U-CD04EA29,44490.09,SEK,2025-10-22T12:17:28.843651,TRANSFER
TX-10889923DA77,U-DCCDC403,U-A26B8F31,5325.19,SEK,2025-09-30T12:17:28.843651,TRANSFER
TX-CF5209E3C4B8,U-490DEEA5,U-8605B00D,48353.54,SEK,2025-11-17T12:17:28.843651,TRANSFER
TX-B4F09AA9E66B,U-B34FC55E,U-20B600BB,8302.13,SEK,2025-10-04T12:17:28.843651,TRANSFER
TX-1DD9FB5D508C,U-63DCAFD0,U-56C46D18,14489.53,SEK,2025-11-05T12:17:28.843651,TRANSFER
TX-CE7785A53AE6,U-7CFB8E6B,U-AD06EC0E,4154.48,SEK,2025-10-06T12:17:28.843651,TRANSFER
TX-E54A197F1E41,U-DCCDC403,U-F0300908,31542.1,SEK,2025-09-07T12:17:28.843651,TRANSFER
TX-38AD229CAFE0,U-EBE9098D,U-5E14F388,24778.41,SEK,2025-10-09T12:17:28.843651,TRANSFER
TX-45F985BB3CD1,U-31005BC3,U-490DEEA5,19600.91,SEK,2025-10-12T12:17:28.843651,TRANSFER
TX-107CFD00B881,U-E466E98D,U-380AD994,26930.66,SEK,2025-09-12T12:17:28.843651,TRANSFER
TX-3F3553F445B5,U-6C54AE82,U-8540D3B7,49425.47,SEK,2025-11-20T12:17:28.843651,TRANSFER
TX-69D8C531ED31,U-D61FECD0,U-F1F65246,23191.65,SEK,2025-10-02T12:17:28.843651,TRANSFER
TX-AC73AC9774B0,U-19572687,U-78A35E2E,4235.24,SEK,2025-10-16T12:17:28.843651,TRANSFER
TX-22497E1C8630,U-5B8A997B,U-BD86FB58,17386.12,SEK,2025-10-19T12:17:28.843651,TRANSFER
TX-9473AFA9B69E,U-CA1ABBAD,U-1394B876,24204.12,SEK,2025-12-02T12:17:28.843651,TRANSFER
TX-57D351D7AF7F,U-8057742D,U-78A35E2E,46294.51,SEK,2025-11-25T12:17:28.843651,TRANSFER
TX-64D65EAA686D,U-8E245F7F,U-AF2C94E5,47023.71,SEK,2025-10-12T12:17:28.843651,TRANSFER
TX-25DAB8BA6627,U-243DAC86,U-1A6C3377,728.93,SEK,2025-11-24T12:17:28.843651,TRANSFER
TX-81A3DEF8E3F6,U-9DFCE14D,U-8B6A5FD9,13649.83,SEK,2025-11-12T12:17:28.843651,TRANSFER
TX-E42BEA01F250,U-69448C08,U-DD2CA501,42459.0,SEK,2025-11-16T12:17:28.843651,TRANSFER
TX-D792443DF8D6,U-3A5D9B61,U-5F13B2F9,36295.55,SEK,2025-11-23T12:17:28.843651,TRANSFER
TX-4BBD04942B9A,U-3A5D9B61,U-8057742D,28195.92,SEK,2025-10-06T12:17:28.843651,TRANSFER
TX-74820C773E60,U-EA21961E,U-832433E5,36560.02,SEK,2025-09-10T12:17:28.843651,TRANSFER
TX-BDDFD6F8B926,U-9DFCE14D,U-095123A5,40999.8,SEK,2025-11-24T12:17:28.843651,TRANSFER
TX-4BF94065D151,U-55179B0D,U-0E32A873,5616.08,SEK,2025-10-14T12:17:28.843651,TRANSFER
TX-DEE3F1C1E210,U-793D8767,U-062F0271,30830.69,SEK,2025-10-09T12:17:28.843651,TRANSFER
TX-43E1CE970A7E,U-6398255A,U-B04F9201,8167.9,SEK,2025-09-17T12:17:28.843651,TRANSFER
TX-FDD4CA317969,U-69448C08,U-7BD99A15,39218.3,SEK,2025-09-30T12:17:28.843651,TRANSFER
TX-67BDD9DB783D,U-63DCAFD0,U-4DA4AE7B,46160.17,SEK,2025-10-07T12:17:28.843651,TRANSFER
TX-AE90732E19C2,U-8B6A5FD9,U-56C46D18,10779.36,SEK,2025-09-09T12:17:28.843651,TRANSFER
TX-B4E1DD64330D,U-BB3E915B,U-BA9E9B72,14683.48,SEK,2025-11-09T12:17:28.843651,TRANSFER
TX-E5BAE17AFA38,U-ACA9BFBB,U-539B7F4F,7650.99,SEK,2025-10-01T12:17:28.843651,TRANSFER
TX-730FE5775800,U-52723C43,U-D61FECD0,16281.5,SEK,2025-09-15T12:17:28.843651,TRANSFER
TX-F57B2069650D,U-490DEEA5,U-832433E5,27635.97,SEK,2025-11-06T12:17:28.843651,TRANSFER
TX-2C9B5B816219,U-490DEEA5,U-CD04EA29,36888.41,SEK,2025-10-03T12:17:28.843651,TRANSFER
TX-96938E84FA0A,U-E466E98D,U-1DFBE7CE,30749.06,SEK,2025-11-23T12:17:28.843651,TRANSFER
TX-17D80A19D98C,U-EA21961E,U-82308133,41428.32,SEK,2025-11-12T12:17:28.843651,TRANSFER
TX-F7021037B820,U-91723BAC,U-55179B0D,17668.88,SEK,2025-11-04T12:17:28.843651,TRANSFER
TX-E67B6E47020E,U-490DEEA5,U-BD86FB58,47296.45,SEK,2025-10-05T12:17:28.843651,TRANSFER
TX-FE684CB582BB,U-D61FECD0,U-5B343EFB,1292.2,SEK,2025-09-23T12:17:28.843651,TRANSFER
TX-34B23E8A7587,U-AC074304,U-9DFE947F,24860.88,SEK,2025-09-11T12:17:28.843651,TRANSFER
TX-B76704F60119,U-2C013416,U-7BC4412E,4580.53,SEK,2025-09-07T12:17:28.843651,TRANSFER
TX-EB6D74E784FF,U-CD04EA29,U-DCCDC403,19144.22,SEK,2025-11-27T12:17:28.843651,TRANSFER
TX-CE409A6492D0,U-6C54AE82,U-B34E644D,42611.19,SEK,2025-10-06T12:17:28.843651,TRANSFER
TX-C7B85305B531,U-AC074304,U-D126D72E,44444.84,SEK,2025-11-25T12:17:28.843651,TRANSFER
TX-A874C09F88DD,U-1E0A7A66,U-82308133,43189.74,SEK,2025-11-19T12:17:28.843651,TRANSFER
TX-40CDC328765F,U-ACA9BFBB,U-567ECBE0,29379.23,SEK,2025-11-01T12:17:28.843651,TRANSFER
TX-C39CAEE7B73C,U-EAF8E418,U-A26B8F31,13517.43,SEK,2025-11-26T12:17:28.843651,TRANSFER
TX-A15604231C10,U-8B6A5FD9,U-F22CE070,3661.96,SEK,2025-10-31T12:17:28.843651,TRANSFER
TX-A5573E232BCF,U-3A5D9B61,U-91723BAC,44558.69,SEK,2025-09-24T12:17:28.843651,TRANSFER
TX-FAF2D847B4AF,U-567ECBE0,U-20B600BB,36534.48,SEK,2025-09-18T12:17:28.843651,TRANSFER
TX-C6C0550304E8,U-B88E28FE,U-56C46D18,37441.79,SEK,2025-10-23T12:17:28.843651,TRANSFER
TX-DB628E6C5568,U-567ECBE0,U-D3CA6B12,41551.21,SEK,2025-11-19T12:17:28.843651,TRANSFER
TX-8B41CA3CB075,U-55179B0D,U-7BC4412E,48160.5,SEK,2025-10-12T12:17:28.843651,TRANSFER
TX-C40358CD5358,U-DCCDC403,U-BA9E9B72,29734.88,SEK,2025-11-24T12:17:28.843651,TRANSFER
TX-AAA6C2654F4A,U-CA1ABBAD,U-0E32A873,28931.9,SEK,2025-11-28T12:17:28.843651,TRANSFER
TX-80026687A309,U-B34FC55E,U-8E245F7F,35138.92,SEK,2025-09-29T12:17:28.843651,TRANSFER
TX-9F3F5F548597,U-490DEEA5,U-0E32A873,1171.73,SEK,2025-11-21T12:17:28.843651,TRANSFER
TX-6A7615DD8CE2,U-B34FC55E,U-46FCB00A,7137.04,SEK,2025-09-16T12:17:28.843651,TRANSFER
TX-66C161B2E499,U-ADA6B48C,U-4C164A94,5285.1,SEK,2025-09-18T12:17:28.843651,TRANSFER
TX-1119E88BCC47,U-56C46D18,U-ACA9BFBB,37321.36,SEK,2025-10-13T12:17:28.843651,TRANSFER
TX-18B35D63B61D,U-5B343EFB,U-1394B876,24694.18,SEK,2025-10-01T12:17:28.843651,TRANSFER
TX-BFE5FD2411F8,U-032928E4,U-BD86FB58,3185.67,SEK,2025-11-18T12:17:28.843651,TRANSFER
TX-5F3E898AFCA8,U-0E32A873,U-7CFB8E6B,16095.52,SEK,2025-09-26T12:17:28.843651,TRANSFER
TX-2D149957DED1,U-E466E98D,U-4DA4AE7B,19288.08,SEK,2025-09-11T12:17:28.843651,TRANSFER
TX-546CA64E24CE,U-2C013416,U-63DCAFD0,37357.21,SEK,2025-10-25T12:17:28.843651,TRANSFER
TX-D46B998361E0,U-EAF8E418,U-2FD47D83,17899.78,SEK,2025-11-05T12:17:28.843651,TRANSFER
TX-C6B7D2EFE5C7,U-38455E9C,U-52940471,20404.18,SEK,2025-09-09T12:17:28.843651,TRANSFER
TX-F1623C607D4A,U-E681EA30,U-8B6A5FD9,30794.49,SEK,2025-10-04T12:17:28.843651,TRANSFER
TX-D118863D6BA5,U-1A6C3377,U-D61FECD0,31409.63,SEK,2025-10-17T12:17:28.843651,TRANSFER
TX-A86CABA0C2F8,U-3FC0DB2C,U-6C54AE82,42582.36,SEK,2025-11-27T12:17:28.843651,TRANSFER
TX-16B864C08717,U-1A6C3377,U-82A69CAF,12927.05,SEK,2025-11-04T12:17:28.843651,TRANSFER
TX-C57145172FAE,U-8DFC97F4,U-B04F9201,3967.98,SEK,2025-09-23T12:17:28.843651,TRANSFER
TX-D86926039052,U-6398255A,U-4DA4AE7B,7499.7,SEK,2025-09-04T12:17:28.843651,TRANSFER
TX-E48F0190A590,U-DD2CA501,U-1394B876,29664.55,SEK,2025-10-21T12:17:28.843651,TRANSFER
TX-B76988A1C809,U-82A69CAF,U-EAF8E418,16534.23,SEK,2025-11-16T12:17:28.843651,TRANSFER
TX-A71A5422ADE1,U-F1F65246,U-6398255A,17048.27,SEK,2025-09-19T12:17:28.843651,TRANSFER
TX-E70A8FD7FD1F,U-9DFCE14D,U-8057742D,27276.8,SEK,2025-10-06T12:17:28.843651,TRANSFER
TX-F99162809A34,U-0E32A873,U-BD86FB58,47552.13,SEK,2025-11-24T12:17:28.843651,TRANSFER
TX-B146DD4005A6,U-D126D72E,U-ACA9BFBB,11607.84,SEK,2025-10-18T12:17:28.843651,TRANSFER
TX-F0299FECB5D0,U-BD86FB58,U-5B8A997B,49031.98,SEK,2025-10-21T12:17:28.843651,TRANSFER
TX-B073EA2F2893,U-78A35E2E,U-8605B00D,37322.53,SEK,2025-11-21T12:17:28.843651,TRANSFER
TX-AD939673E136,U-032928E4,U-5E14F388,28515.32,SEK,2025-11-22T12:17:28.843651,TRANSFER
TX-09F1B1C47773,U-3FC0DB2C,U-B34FC55E,18457.45,SEK,2025-09-12T12:17:28.843651,TRANSFER
TX-5FA5674EB250,U-38455E9C,U-CA1ABBAD,23791.88,SEK,2025-11-26T12:17:28.843651,TRANSFER
TX-EABE087EB698,U-5E14F388,U-EAF8E418,12867.36,SEK,2025-10-20T12:17:28.843651,TRANSFER
TX-2F10196BC1FE,U-82A69CAF,U-B04F9201,32931.39,SEK,2025-09-28T12:17:28.843651,TRANSFER
TX-DBC9313DD3D8,U-46FCB00A,U-243DAC86,41359.21,SEK,2025-09-07T12:17:28.843651,TRANSFER
TX-30A98583C9F9,U-91723BAC,U-B88E28FE,25675.35,SEK,2025-11-19T12:17:28.843651,TRANSFER
TX-A470A497476E,U-5B8A997B,U-F1F65246,40373.68,SEK,2025-10-22T12:17:28.843651,TRANSFER
TX-62797DAB1A53,U-BD86FB58,U-8E245F7F,25555.32,SEK,2025-09-03T12:17:28.843651,TRANSFER
TX-B06AFE621057,U-793D8767,U-69448C08,43318.27,SEK,2025-09-24T12:17:28.843651,TRANSFER
TX-6A46210A85DD,U-697B35FF,U-5118C6A7,831.32,SEK,2025-10-03T12:17:28.843651,TRANSFER
TX-91E03CC6A36E,U-697B35FF,U-E466E98D,7911.89,SEK,2025-10-05T12:17:28.843651,TRANSFER
TX-4993F8F0F4E5,U-90B9F64C,U-B34FC55E,7683.24,SEK,2025-10-18T12:17:28.843651,TRANSFER
TX-0A3A383FC68F,U-B34E644D,U-B34FC55E,47674.11,SEK,2025-11-03T12:17:28.843651,TRANSFER
TX-7D2108517D0A,U-032928E4,U-31005BC3,48717.54,SEK,2025-09-27T12:17:28.843651,TRANSFER
TX-FD107F775A74,U-5B343EFB,U-E681EA30,21487.34,SEK,2025-09-28T12:17:28.843651,TRANSFER
TX-AABC630D815C,U-E681EA30,U-31005BC3,26807.21,SEK,2025-10-27T12:17:28.843651,TRANSFER
TX-C61426F3C684,U-82308133,U-69448C08,814.1,SEK,2025-09-30T12:17:28.843651,TRANSFER
TX-71E576C06380,U-6398255A,U-B15BB7C7,31316.82,SEK,2025-10-03T12:17:28.843651,TRANSFER
TX-5C6402E0F003,U-BA9E9B72,U-55179B0D,14753.21,SEK,2025-09-13T12:17:28.843651,TRANSFER
TX-B53973BC2FF7,U-9DFCE14D,U-7CFB8E6B,32753.63,SEK,2025-09-16T12:17:28.843651,TRANSFER
TX-DC683E93D1F2,U-243DAC86,U-8DFC97F4,27946.08,SEK,2025-09-07T12:17:28.843651,TRANSFER
TX-6199BF75DF20,U-BB3E915B,U-ADA6B48C,36153.65,SEK,2025-09-09T12:17:28.843651,TRANSFER
TX-FE28E23EA643,U-2BB7762B,U-D3CA6B12,19910.04,SEK,2025-11-03T12:17:28.843651,TRANSFER
TX-C4D159FE63ED,U-F0300908,U-062F0271,17455.88,SEK,2025-09-05T12:17:28.843651,TRANSFER
TX-7443F640474A,U-062F0271,U-52940471,19859.06,SEK,2025-09-13T12:17:28.843651,TRANSFER
TX-ECA8212EDDB3,U-1394B876,U-BD86FB58,37079.95,SEK,2025-10-09T12:17:28.843651,TRANSFER
TX-06E351421E20,U-5E14F388,U-20B600BB,48469.33,SEK,2025-11-22T12:17:28.843651,TRANSFER
TX-F78EC426A1C3,U-5118C6A7,U-793D8767,45584.47,SEK,2025-11-23T12:17:28.843651,TRANSFER
TX-A6892301348D,U-38455E9C,U-F602A73E,5048.49,SEK,2025-11-22T12:17:28.843651,TRANSFER
TX-34B4072A996D,U-38455E9C,U-31005BC3,14436.34,SEK,2025-09-11T12:17:28.843651,TRANSFER
TX-77B741146762,U-63DCAFD0,U-7CFB8E6B,10375.79,SEK,2025-09-15T12:17:28.843651,TRANSFER
TX-440DBEF77237,U-E20E3420,U-7CFB8E6B,39335.92,SEK,2025-10-06T12:17:28.843651,TRANSFER
TX-D2A4BA68C583,U-A6399F5F,U-7BD99A15,43824.57,SEK,2025-10-08T12:17:28.843651,TRANSFER
TX-5B97C6AF97AE,U-ACA9BFBB,U-5118C6A7,47678.57,SEK,2025-10-21T12:17:28.843651,TRANSFER
TX-CC2C4209DD18,U-82308133,U-1394B876,5204.35,SEK,2025-10-03T12:17:28.843651,TRANSFER
TX-2C8106DDF822,U-E681EA30,U-FC982775,3759.72,SEK,2025-11-25T12:17:28.843651,TRANSFER
TX-7E646929011A,U-63DCAFD0,U-DCCDC403,3542.86,SEK,2025-09-18T12:17:28.843651,TRANSFER
TX-636DE31EC8EE,U-0394A4E6,U-832433E5,47384.77,SEK,2025-09-09T12:17:28.843651,TRANSFER
TX-93B2312FFBD3,U-6C54AE82,U-B88E28FE,36777.5,SEK,2025-09-14T12:17:28.843651,TRANSFER
TX-27A3966204C7,U-5118C6A7,U-4C164A94,32339.66,SEK,2025-10-26T12:17:28.843651,TRANSFER
TX-BE4EC131B980,U-2BB7762B,U-38455E9C,20192.59,SEK,2025-09-06T12:17:28.843651,TRANSFER
TX-A68E1B3FE5BA,U-227CA6E7,U-EBE9098D,23884.44,SEK,2025-10-15T12:17:28.843651,TRANSFER
TX-DF0268D92F83,U-832433E5,U-AC074304,47631.04,SEK,2025-11-04T12:17:28.843651,TRANSFER
TX-0595AD63B5C5,U-1A6C3377,U-0394A4E6,34954.55,SEK,2025-10-18T12:17:28.843651,TRANSFER
TX-4C80B2E11D39,U-0394A4E6,U-B04F9201,17312.57,SEK,2025-10-18T12:17:28.843651,TRANSFER
TX-75DA32728AB7,U-5E14F388,U-D61FECD0,28962.07,SEK,2025-09-11T12:17:28.843651,TRANSFER
TX-D83D2EEACCBD,U-032928E4,U-DD2CA501,46106.01,SEK,2025-11-20T12:17:28.843651,TRANSFER
TX-B547CD40EFAA,U-EAF8E418,U-9DFCE14D,735.77,SEK,2025-11-11T12:17:28.843651,TRANSFER
TX-E374AF10BD5D,U-9DFCE14D,U-91723BAC,38500.03,SEK,2025-10-11T12:17:28.843651,TRANSFER
TX-D2291D73782B,U-CD04EA29,U-4145A2E6,37427.67,SEK,2025-10-04T12:17:28.843651,TRANSFER
TX-3D3D9F2F8A7C,U-56C46D18,U-52940471,3636.27,SEK,2025-11-22T12:17:28.843651,TRANSFER
TX-C3C0CF58E88F,U-0E32A873,U-7BD99A15,48263.58,SEK,2025-11-01T12:17:28.843651,TRANSFER
TX-7AF5D562A993,U-5E14F388,U-9D2B9C17,34372.29,SEK,2025-10-27T12:17:28.843651,TRANSFER
TX-5C3312588AA9,U-380AD994,U-63DCAFD0,17159.77,SEK,2025-10-31T12:17:28.843651,TRANSFER
TX-04D30E0FC71A,U-A6399F5F,U-52940471,23630.46,SEK,2025-11-14T12:17:28.843651,TRANSFER
TX-64AC616F6915,U-490DEEA5,U-F1F65246,41685.46,SEK,2025-10-05T12:17:28.843651,TRANSFER
TX-666E88C1BAF6,U-9DFCE14D,U-52723C43,34202.79,SEK,2025-10-26T12:17:28.843651,TRANSFER
TX-D3FD0F0257D6,U-5B343EFB,U-ADA6B48C,26157.15,SEK,2025-09-25T12:17:28.843651,TRANSFER
TX-7367DE5E9506,U-B34E644D,U-19572687,25148.42,SEK,2025-11-16T12:17:28.843651,TRANSFER
TX-6356FA717201,U-2BB7762B,U-FC982775,23861.02,SEK,2025-11-18T12:17:28.843651,TRANSFER
TX-3F564630C617,U-A26B8F31,U-82308133,7405.17,SEK,2025-10-23T12:17:28.843651,TRANSFER
TX-807B1DF53271,U-032928E4,U-7BD99A15,39400.76,SEK,2025-10-10T12:17:28.843651,TRANSFER
TX-A5FE2A19757E,U-B34E644D,U-227CA6E7,36294.37,SEK,2025-11-17T12:17:28.843651,TRANSFER
TX-AEF18B511C71,U-ADA6B48C,U-4145A2E6,47904.88,SEK,2025-09-14T12:17:28.843651,TRANSFER
TX-8AC52A4241FE,U-5B343EFB,U-8B6A5FD9,32568.07,SEK,2025-09-12T12:17:28.843651,TRANSFER
TX-EF6482FB09C6,U-2BD65D23,U-567ECBE0,28797.48,SEK,2025-10-17T12:17:28.843651,TRANSFER
TX-ADFC3E58CA19,U-EAF8E418,U-8DFC97F4,34498.96,SEK,2025-10-30T12:17:28.843651,TRANSFER
TX-566259252D34,U-D61FECD0,U-490DEEA5,1126.16,SEK,2025-10-26T12:17:28.843651,TRANSFER
TX-0D215FD7BE2B,U-490DEEA5,U-82A69CAF,15307.06,SEK,2025-09-12T12:17:28.843651,TRANSFER
TX-83BA1055B8A0,U-ADA6B48C,U-F1F65246,23858.25,SEK,2025-11-07T12:17:28.843651,TRANSFER
TX-F276313EDDBD,U-69448C08,U-D126D72E,4755.5,SEK,2025-11-05T12:17:28.843651,TRANSFER
TX-DE5E4BE4AD02,U-5E14F388,U-095123A5,28706.21,SEK,2025-09-09T12:17:28.843651,TRANSFER
TX-141ED0BE6595,U-D3CA6B12,U-6C54AE82,13921.8,SEK,2025-10-05T12:17:28.843651,TRANSFER
TX-0B82DD385303,U-567ECBE0,U-BB3E915B,110.73,SEK,2025-10-10T12:17:28.843651,TRANSFER
TX-1F5DFA48E7F1,U-9D2B9C17,U-78A35E2E,25133.17,SEK,2025-09-04T12:17:28.843651,TRANSFER
TX-D5A183862A88,U-82A69CAF,U-31005BC3,22832.16,SEK,2025-09-03T12:17:28.843651,TRANSFER
TX-ECB8516CE9E8,U-8DFC97F4,U-8605B00D,26067.81,SEK,2025-10-06T12:17:28.843651,TRANSFER
TX-45D88786E41B,U-3A5D9B61,U-AF2C94E5,49491.78,SEK,2025-10-28T12:17:28.843651,TRANSFER
TX-1C6CF3D17A9D,U-539B7F4F,U-3FC0DB2C,14129.59,SEK,2025-11-30T12:17:28.843651,TRANSFER
TX-807BD7740D9A,U-4145A2E6,U-52723C43,37357.45,SEK,2025-11-07T12:17:28.843651,TRANSFER
TX-BE4247F0F37A,U-82A69CAF,U-1E9F9E86,2314.81,SEK,2025-11-28T12:17:28.843651,TRANSFER
TX-B5E75A9A01BD,U-A6399F5F,U-539B7F4F,41650.43,SEK,2025-11-20T12:17:28.843651,TRANSFER
TX-A6951EAF245E,U-38455E9C,U-B3E4424F,31711.11,SEK,2025-10-04T12:17:28.843651,TRANSFER
TX-E52A84C8FDC7,U-0E32A873,U-7BD99A15,49738.44,SEK,2025-10-03T12:17:28.843651,TRANSFER
TX-D4A6F5A3BF2E,U-3A5D9B61,U-567ECBE0,34884.75,SEK,2025-09-21T12:17:28.843651,TRANSFER
TX-0F5806DC4392,U-BD86FB58,U-52940471,1855.37,SEK,2025-09-18T12:17:28.843651,TRANSFER
TX-C01E1AB84AD9,U-8057742D,U-EBE9098D,41508.38,SEK,2025-10-13T12:17:28.843651,TRANSFER
TX-C9186A1D09B2,U-E20E3420,U-A6399F5F,23185.79,SEK,2025-11-04T12:17:28.843651,TRANSFER
TX-6B11A026929A,U-BD86FB58,U-AD06EC0E,1874.91,SEK,2025-09-23T12:17:28.843651,TRANSFER
TX-71CD196F84F9,U-B88E28FE,U-D126D72E,10063.29,SEK,2025-10-21T12:17:28.843651,TRANSFER
TX-78874484507C,U-B15BB7C7,U-AD06EC0E,26978.25,SEK,2025-11-13T12:17:28.843651,TRANSFER
TX-A52361B49485,U-B3E4424F,U-DD2CA501,13821.38,SEK,2025-11-18T12:17:28.843651,TRANSFER
TX-88259E6E12E8,U-6C54AE82,U-B15BB7C7,41965.27,SEK,2025-09-05T12:17:28.843651,TRANSFER
TX-A14824F06C91,U-1E9F9E86,U-EBE9098D,34428.98,SEK,2025-09-13T12:17:28.843651,TRANSFER
TX-E73AB833200F,U-1394B876,U-56C46D18,40933.02,SEK,2025-11-23T12:17:28.843651,TRANSFER
TX-F00AE44AA510,U-91723BAC,U-3FC0DB2C,2968.98,SEK,2025-10-25T12:17:28.843651,TRANSFER
TX-A164DB26FC8C,U-B04F9201,U-8540D3B7,30943.85,SEK,2025-09-29T12:17:28.843651,TRANSFER
TX-807A2152622F,U-832433E5,U-539B7F4F,47838.22,SEK,2025-10-23T12:17:28.843651,TRANSFER
TX-AF41685785F1,U-4145A2E6,U-BB3E915B,13672.51,SEK,2025-11-16T12:17:28.843651,TRANSFER
TX-8EB6AE04EB89,U-FC982775,U-ADA6B48C,30468.76,SEK,2025-10-20T12:17:28.843651,TRANSFER
TX-B7BFD80F19E7,U-5118C6A7,U-B34E644D,7349.9,SEK,2025-09-20T12:17:28.843651,TRANSFER
TX-D1E9BCD2C101,U-032928E4,U-85E23257,7949.78,SEK,2025-09-09T12:17:28.843651,TRANSFER
TX-EA81348A7372,U-4C164A94,U-46FCB00A,5557.4,SEK,2025-09-25T12:17:28.843651,TRANSFER
TX-889040AE7D83,U-7BC4412E,U-095123A5,40511.47,SEK,2025-11-10T12:17:28.843651,TRANSFER
TX-9FA23E159532,U-1DFBE7CE,U-19572687,37228.53,SEK,2025-11-18T12:17:28.843651,TRANSFER
TX-B3900D4F5F53,U-2BD65D23,U-19572687,27505.5,SEK,2025-09-27T12:17:28.843651,TRANSFER
TX-B70C2346502E,U-3FC0DB2C,U-032928E4,14358.66,SEK,2025-09-27T12:17:28.843651,TRANSFER
TX-C08ED2B2C608,U-032928E4,U-CA1ABBAD,6327.43,SEK,2025-10-01T12:17:28.843651,TRANSFER
TX-6EF424B4FC43,U-B34FC55E,U-B04F9201,49699.8,SEK,2025-12-01T12:17:28.843651,TRANSFER
TX-7D6573531A6E,U-539B7F4F,U-5118C6A7,45125.92,SEK,2025-11-17T12:17:28.843651,TRANSFER
TX-46FB49B4A121,U-E466E98D,U-539B7F4F,29112.19,SEK,2025-10-24T12:17:28.843651,TRANSFER
TX-624D43BB317B,U-B9858C18,U-2C013416,1779.42,SEK,2025-10-29T12:17:28.843651,TRANSFER
TX-8FFC4AC104EB,U-0394A4E6,U-4145A2E6,1994.22,SEK,2025-09-03T12:17:28.843651,TRANSFER
TX-F5BA74C70387,U-E20E3420,U-EA21961E,29465.36,SEK,2025-09-14T12:17:28.843651,TRANSFER
TX-594FAA2D79AF,U-EAF8E418,U-9DFE947F,21235.67,SEK,2025-12-01T12:17:28.843651,TRANSFER
TX-526B75C0E458,U-2BB7762B,U-91723BAC,3335.41,SEK,2025-11-30T12:17:28.843651,TRANSFER
TX-E2D39F422DB6,U-F1F65246,U-B3E4424F,30032.14,SEK,2025-10-15T12:17:28.843651,TRANSFER
TX-B7395D061769,U-ADA6B48C,U-8605B00D,2391.24,SEK,2025-10-28T12:17:28.843651,TRANSFER
TX-711C948D0CB9,U-7BC4412E,U-1A6C3377,29509.5,SEK,2025-10-10T12:17:28.843651,TRANSFER
TX-D82328216127,U-61F1CC2F,U-EA21961E,8030.38,SEK,2025-12-02T12:17:28.843651,TRANSFER
TX-C583326E8936,U-ACA9BFBB,U-AC074304,18471.31,SEK,2025-09-16T12:17:28.843651,TRANSFER
TX-D173B3DFFD45,U-3FC0DB2C,U-032928E4,25002.87,SEK,2025-09-14T12:17:28.843651,TRANSFER
TX-940204D74F51,U-5118C6A7,U-20B600BB,11371.4,SEK,2025-09-16T12:17:28.843651,TRANSFER
TX-51C8F3D70DB3,U-B04F9201,U-7BC4412E,25759.26,SEK,2025-11-11T12:17:28.843651,TRANSFER
TX-38D9EE1DC6A3,U-1DFBE7CE,U-1E9F9E86,27155.04,SEK,2025-10-22T12:17:28.843651,TRANSFER
TX-B61C913D5323,U-4C164A94,U-82308133,17948.01,SEK,2025-10-02T12:17:28.843651,TRANSFER
TX-F1E9F9C6E73E,U-F0300908,U-6C54AE82,14098.71,SEK,2025-11-09T12:17:28.843651,TRANSFER
TX-A149B97AFC73,U-52723C43,U-697B35FF,48561.79,SEK,2025-09-14T12:17:28.843651,TRANSFER
TX-405657FEADCF,U-1A6C3377,U-7CFB8E6B,31933.84,SEK,2025-10-04T12:17:28.843651,TRANSFER
TX-30F44740BB70,U-91723BAC,U-490DEEA5,13555.09,SEK,2025-10-22T12:17:28.843651,TRANSFER
TX-850411853524,U-832433E5,U-38455E9C,1555.43,SEK,2025-11-19T12:17:28.843651,TRANSFER
TX-1741F25FCABB,U-BA9E9B72,U-243DAC86,36278.65,SEK,2025-11-10T12:17:28.843651,TRANSFER
TX-303B4D362786,U-63DCAFD0,U-B34E644D,43177.6,SEK,2025-10-18T12:17:28.843651,TRANSFER
TX-EDD5237ACE8A,U-F22CE070,U-69448C08,10851.48,SEK,2025-11-02T12:17:28.843651,TRANSFER
TX-188FB531D397,U-6C54AE82,U-B3E4424F,12863.14,SEK,2025-11-22T12:17:28.843651,TRANSFER
TX-22EDF7D112F9,U-BD86FB58,U-0E32A873,47927.68,SEK,2025-11-20T12:17:28.843651,TRANSFER
TX-C1FE69E160C6,U-7CFB8E6B,U-9D2B9C17,17866.14,SEK,2025-10-08T12:17:28.843651,TRANSFER
TX-7E7C2A0737F1,U-FC982775,U-1A6C3377,3804.85,SEK,2025-09-30T12:17:28.843651,TRANSFER
TX-4FE0422F5538,U-9DFCE14D,U-63DCAFD0,45217.67,SEK,2025-10-29T12:17:28.843651,TRANSFER
TX-31C0FA588F87,U-6398255A,U-4145A2E6,36305.25,SEK,2025-11-06T12:17:28.843651,TRANSFER
TX-FAED87309B4B,U-3FC0DB2C,U-A6399F5F,46266.54,SEK,2025-11-16T12:17:28.843651,TRANSFER
TX-326207737910,U-EBE9098D,U-6C54AE82,47474.76,SEK,2025-09-05T12:17:28.843651,TRANSFER
TX-0B6F28CF3B0D,U-B04F9201,U-5F13B2F9,1048.4,SEK,2025-11-06T12:17:28.843651,TRANSFER
TX-10D617B7ECA3,U-EBE9098D,U-1394B876,41619.41,SEK,2025-09-27T12:17:28.843651,TRANSFER
TX-9822BC9CE17C,U-1394B876,U-31005BC3,33291.8,SEK,2025-11-19T12:17:28.843651,TRANSFER
TX-4A46168AC332,U-A6399F5F,U-20B600BB,45048.35,SEK,2025-11-06T12:17:28.843651,TRANSFER
TX-87F057F7B160,U-EA21961E,U-7CFB8E6B,14476.3,SEK,2025-11-23T12:17:28.843651,TRANSFER
TX-FD866694C263,U-52940471,U-8B6A5FD9,3895.64,SEK,2025-10-14T12:17:28.843651,TRANSFER
TX-17646F7953B9,U-E681EA30,U-032928E4,15863.89,SEK,2025-09-26T12:17:28.843651,TRANSFER
TX-7BC089BFB39E,U-8E245F7F,U-3FC0DB2C,40150.47,SEK,2025-10-31T12:17:28.843651,TRANSFER
TX-F98FF0A74477,U-4C164A94,U-F0300908,27909.43,SEK,2025-10-18T12:17:28.843651,TRANSFER
TX-B3F3AAC5D96B,U-69448C08,U-CD04EA29,33371.33,SEK,2025-11-29T12:17:28.843651,TRANSFER
TX-A842769D1E98,U-9DFE947F,U-52723C43,33734.78,SEK,2025-09-26T12:17:28.843651,TRANSFER
TX-CD826922A91D,U-CD04EA29,U-9D2B9C17,28905.66,SEK,2025-09-27T12:17:28.843651,TRANSFER
TX-01CCE241AD2B,U-38455E9C,U-1E9F9E86,40552.22,SEK,2025-12-02T12:17:28.843651,TRANSFER
TX-B8C811A8ABBF,U-5F13B2F9,U-F0300908,13653.65,SEK,2025-09-07T12:17:28.843651,TRANSFER
TX-129D16336ADC,U-82A69CAF,U-490DEEA5,3406.95,SEK,2025-09-26T12:17:28.843651,TRANSFER
TX-7B4A461EC3B2,U-8E245F7F,U-380AD994,44358.19,SEK,2025-11-19T12:17:28.843651,TRANSFER
TX-04AAD61F4DBC,U-90B9F64C,U-BA9E9B72,18492.76,SEK,2025-11-18T12:17:28.843651,TRANSFER
TX-69E9E187E6E4,U-9D2B9C17,U-56C46D18,25065.44,SEK,2025-09-06T12:17:28.843651,TRANSFER
TX-8486C790C5D8,U-5E14F388,U-20B600BB,28147.38,SEK,2025-11-19T12:17:28.843651,TRANSFER
TX-831853551ACC,U-DD2CA501,U-FC982775,17550.26,SEK,2025-10-22T12:17:28.843651,TRANSFER
TX-490C4DFF38A7,U-85E23257,U-8E245F7F,12323.43,SEK,2025-09-18T12:17:28.843651,TRANSFER
TX-700F58648FFD,U-FC982775,U-CD04EA29,39313.79,SEK,2025-11-01T12:17:28.843651,TRANSFER
TX-6E4C459033B2,U-1A6C3377,U-7CFB8E6B,49452.41,SEK,2025-09-17T12:17:28.843651,TRANSFER
TX-F2E278E315BD,U-227CA6E7,U-78A35E2E,31865.0,SEK,2025-11-04T12:17:28.843651,TRANSFER
TX-2D0F05F82CE1,U-91723BAC,U-F22CE070,35791.67,SEK,2025-11-21T12:17:28.843651,TRANSFER
TX-B81875442A26,U-697B35FF,U-567ECBE0,24996.42,SEK,2025-09-04T12:17:28.843651,TRANSFER
TX-28315194D8DB,U-85E23257,U-B88E28FE,31823.99,SEK,2025-10-13T12:17:28.843651,TRANSFER
TX-B4D2C1F012DF,U-F22CE070,U-82A69CAF,23797.34,SEK,2025-10-22T12:17:28.843651,TRANSFER
TX-1282F7E59A37,U-BA9E9B72,U-8605B00D,21440.15,SEK,2025-10-04T12:17:28.843651,TRANSFER
TX-B8123E7079F1,U-095123A5,U-F1F65246,26121.09,SEK,2025-11-05T12:17:28.843651,TRANSFER
TX-E25C4068DDA2,U-832433E5,U-B15BB7C7,38814.95,SEK,2025-12-01T12:17:28.843651,TRANSFER
TX-143F98F3466C,U-F22CE070,U-5B343EFB,27416.17,SEK,2025-11-23T12:17:28.843651,TRANSFER
TX-62530C577319,U-8057742D,U-B34FC55E,8087.37,SEK,2025-10-26T12:17:28.843651,TRANSFER
TX-54F92C5B65D4,U-832433E5,U-490DEEA5,17753.99,SEK,2025-09-07T12:17:28.843651,TRANSFER
TX-B173BFA84D06,U-52940471,U-095123A5,3585.49,SEK,2025-12-02T12:17:28.843651,TRANSFER
TX-48838A80568B,U-1E0A7A66,U-793D8767,15870.45,SEK,2025-10-06T12:17:28.843651,TRANSFER
TX-4B3817868C20,U-B88E28FE,U-20B600BB,38272.04,SEK,2025-11-28T12:17:28.843651,TRANSFER
TX-2B5049A40613,U-52723C43,U-19572687,39672.7,SEK,2025-10-04T12:17:28.843651,TRANSFER
TX-9B80D79B86FA,U-539B7F4F,U-E466E98D,25871.98,SEK,2025-09-07T12:17:28.843651,TRANSFER
TX-79B64196B219,U-52940471,U-7BC4412E,9684.66,SEK,2025-10-04T12:17:28.843651,TRANSFER
TX-6CAC220FC4AB,U-63DCAFD0,U-8E245F7F,24690.06,SEK,2025-10-19T12:17:28.843651,TRANSFER
TX-F79F2B6294FB,U-793D8767,U-8605B00D,48508.48,SEK,2025-09-09T12:17:28.843651,TRANSFER
TX-92C2D7AD2EA6,U-BD86FB58,U-0394A4E6,45745.25,SEK,2025-11-06T12:17:28.843651,TRANSFER
TX-3E1933368F89,U-5B343EFB,U-91723BAC,9661.13,SEK,2025-10-20T12:17:28.843651,TRANSFER
TX-53ECD26C6BC8,U-8E245F7F,U-CA1ABBAD,24786.71,SEK,2025-09-22T12:17:28.843651,TRANSFER
TX-5696C24D6FA5,U-4C164A94,U-BA9E9B72,42238.66,SEK,2025-09-21T12:17:28.843651,TRANSFER
TX-7A3BEEE69ED6,U-5B343EFB,U-3A5D9B61,21490.22,SEK,2025-11-28T12:17:28.843651,TRANSFER
TX-3FA6FE2128F9,U-7BC4412E,U-5B8A997B,43314.08,SEK,2025-09-14T12:17:28.843651,TRANSFER
TX-8D9F4B918F21,U-56C46D18,U-DCCDC403,42619.88,SEK,2025-09-03T12:17:28.843651,TRANSFER
TX-A258068DE559,U-4DA4AE7B,U-AD06EC0E,718.18,SEK,2025-09-06T12:17:28.843651,TRANSFER
TX-27847287900F,U-1394B876,U-5E14F388,16700.97,SEK,2025-11-26T12:17:28.843651,TRANSFER
TX-DBAF5E41EE29,U-8B6A5FD9,U-46FCB00A,4727.09,SEK,2025-10-17T12:17:28.843651,TRANSFER
TX-01EAEF748180,U-85E23257,U-8605B00D,49258.75,SEK,2025-10-13T12:17:28.843651,TRANSFER
TX-878E7DA0FB9D,U-8B6A5FD9,U-5B343EFB,29304.79,SEK,2025-10-05T12:17:28.843651,TRANSFER
TX-2E3A5B20BBB4,U-E681EA30,U-ADA6B48C,43695.14,SEK,2025-11-11T12:17:28.843651,TRANSFER
TX-6D8B9FA49736,U-2C013416,U-90B9F64C,5629.99,SEK,2025-11-24T12:17:28.843651,TRANSFER
TX-977A90708D56,U-0E32A873,U-4C164A94,18440.34,SEK,2025-09-08T12:17:28.843651,TRANSFER
TX-C092F1B65269,U-CD04EA29,U-4145A2E6,29916.73,SEK,2025-11-30T12:17:28.843651,TRANSFER
TX-BC11BEB2B4E2,U-9DFCE14D,U-7CFB8E6B,47028.12,SEK,2025-09-28T12:17:28.843651,TRANSFER
TX-97CF6B714DD9,U-ADA6B48C,U-82A69CAF,34872.68,SEK,2025-09-11T12:17:28.843651,TRANSFER
TX-7B0CE3210627,U-ACA9BFBB,U-8DFC97F4,41493.64,SEK,2025-09-18T12:17:28.843651,TRANSFER
TX-D2DB26AE88F9,U-DCCDC403,U-DD2CA501,23641.93,SEK,2025-11-02T12:17:28.843651,TRANSFER
TX-720F040EE5CD,U-8057742D,U-3FC0DB2C,49873.33,SEK,2025-09-16T12:17:28.843651,TRANSFER
TX-FC658B08FD9C,U-9D2B9C17,U-3A5D9B61,48470.04,SEK,2025-09-30T12:17:28.843651,TRANSFER
TX-9937FCF60729,U-8DFC97F4,U-56C46D18,23017.78,SEK,2025-10-16T12:17:28.843651,TRANSFER
TX-4371BEE5E744,U-85E23257,U-91723BAC,32482.7,SEK,2025-11-20T12:17:28.843651,TRANSFER
TX-C388AE9E8ADA,U-1DFBE7CE,U-EA21961E,45705.12,SEK,2025-11-30T12:17:28.843651,TRANSFER
TX-BF5D6D413BE3,U-9DFE947F,U-CD04EA29,35733.85,SEK,2025-11-07T12:17:28.843651,TRANSFER
TX-40677428F65A,U-7BD99A15,U-DCCDC403,1860.38,SEK,2025-09-04T12:17:28.843651,TRANSFER
TX-ABC540C4E8B1,U-8605B00D,U-82A69CAF,32798.0,SEK,2025-09-06T12:17:28.843651,TRANSFER
TX-CB075C8880E3,U-5118C6A7,U-8605B00D,47874.39,SEK,2025-11-19T12:17:28.843651,TRANSFER
TX-99AEA8560064,U-9DFE947F,U-D3CA6B12,5690.36,SEK,2025-09-09T12:17:28.843651,TRANSFER
TX-89C50F93D996,U-E681EA30,U-BA9E9B72,41761.2,SEK,2025-11-29T12:17:28.843651,TRANSFER
TX-95F5387D74F1,U-FC982775,U-F1F65246,36033.24,SEK,2025-10-11T12:17:28.843651,TRANSFER
TX-25E9C2CF8F24,U-90B9F64C,U-B88E28FE,34800.11,SEK,2025-09-29T12:17:28.843651,TRANSFER
TX-9B22536AA073,U-5B8A997B,U-EAF8E418,33934.29,SEK,2025-10-17T12:17:28.843651,TRANSFER
TX-47C42ADFF7B6,U-F22CE070,U-D126D72E,45075.21,SEK,2025-10-03T12:17:28.843651,TRANSFER
TX-816B40B30D78,U-697B35FF,U-91723BAC,13419.03,SEK,2025-09-23T12:17:28.843651,TRANSFER
TX-BBD1C74AEBCE,U-38455E9C,U-7BC4412E,9850.89,SEK,2025-09-13T12:17:28.843651,TRANSFER
TX-152FF09E0269,U-032928E4,U-1394B876,20912.87,SEK,2025-11-24T12:17:28.843651,TRANSFER
TX-D2EE5D9A604F,U-1A6C3377,U-EBE9098D,25843.62,SEK,2025-11-09T12:17:28.843651,TRANSFER
TX-EAA739711D66,U-A6399F5F,U-3A5D9B61,6001.32,SEK,2025-10-19T12:17:28.843651,TRANSFER
TX-10F254F9937E,U-DD2CA501,U-82A69CAF,33827.86,SEK,2025-09-28T12:17:28.843651,TRANSFER
TX-72772B034D4B,U-38455E9C,U-1E9F9E86,9967.66,SEK,2025-09-14T12:17:28.843651,TRANSFER
TX-3C83A36815C5,U-2BB7762B,U-31005BC3,20832.41,SEK,2025-11-19T12:17:28.843651,TRANSFER
TX-5BECF231AA3B,U-85E23257,U-3A5D9B61,28759.14,SEK,2025-09-24T12:17:28.843651,TRANSFER
TX-55335AECF757,U-6398255A,U-032928E4,13959.53,SEK,2025-10-25T12:17:28.843651,TRANSFER
TX-0F14F1A7A1BF,U-EAF8E418,U-2BD65D23,34156.05,SEK,2025-10-17T12:17:28.843651,TRANSFER
TX-D7C09EC48268,U-38455E9C,U-6398255A,25458.68,SEK,2025-10-14T12:17:28.843651,TRANSFER
TX-841C1CE7ECED,U-19572687,U-243DAC86,16900.36,SEK,2025-09-15T12:17:28.843651,TRANSFER
TX-67A78A59061F,U-E20E3420,U-6C54AE82,6828.53,SEK,2025-10-19T12:17:28.843651,TRANSFER
TX-D9092D712939,U-B15BB7C7,U-B9858C18,25606.08,SEK,2025-10-20T12:17:28.843651,TRANSFER
TX-F413C0F36F7B,U-BD86FB58,U-8B6A5FD9,7828.71,SEK,2025-11-11T12:17:28.843651,TRANSFER
TX-22DE4608EADA,U-BD86FB58,U-DCCDC403,35383.8,SEK,2025-09-19T12:17:28.843651,TRANSFER
TX-6B1E969BC61A,U-82308133,U-B88E28FE,47392.32,SEK,2025-10-25T12:17:28.843651,TRANSFER
TX-2CDEBB0AD2A4,U-78A35E2E,U-0394A4E6,28927.33,SEK,2025-11-24T12:17:28.843651,TRANSFER
TX-EF581F8ED150,U-D3CA6B12,U-2BD65D23,935.25,SEK,2025-10-17T12:17:28.843651,TRANSFER
TX-66714C856117,U-CD04EA29,U-DD2CA501,12977.03,SEK,2025-11-24T12:17:28.843651,TRANSFER
TX-2C4AFF7E675B,U-AF2C94E5,U-490DEEA5,14068.17,SEK,2025-11-17T12:17:28.843651,TRANSFER
TX-EC8615AAED20,U-8E245F7F,U-6C54AE82,29685.76,SEK,2025-11-23T12:17:28.843651,TRANSFER
TX-53D24D15CA32,U-31005BC3,U-243DAC86,3474.0,SEK,2025-10-21T12:17:28.843651,TRANSFER
TX-8424F63CD7BD,U-52940471,U-B15BB7C7,1589.73,SEK,2025-10-14T12:17:28.843651,TRANSFER
TX-13B1E8FC88F0,U-6398255A,U-4C164A94,2138.75,SEK,2025-09-29T12:17:28.843651,TRANSFER
TX-FA08FC1B8087,U-B34E644D,U-CD04EA29,41011.63,SEK,2025-09-10T12:17:28.843651,TRANSFER
TX-20328DE39935,U-52940471,U-567ECBE0,30916.81,SEK,2025-11-27T12:17:28.843651,TRANSFER
TX-E62D0640C047,U-8540D3B7,U-69448C08,37944.98,SEK,2025-11-30T12:17:28.843651,TRANSFER
TX-D64B31A37FBD,U-0394A4E6,U-CD04EA29,28434.62,SEK,2025-09-10T12:17:28.843651,TRANSFER
TX-26D0BEA1AB14,U-0E32A873,U-E20E3420,45698.83,SEK,2025-11-26T12:17:28.843651,TRANSFER
TX-C76124C876AA,U-EA21961E,U-69448C08,15108.58,SEK,2025-10-19T12:17:28.843651,TRANSFER
TX-93E35C6D8834,U-7BD99A15,U-F602A73E,39680.94,SEK,2025-09-06T12:17:28.843651,TRANSFER
TX-9BA42154973C,U-E466E98D,U-A6399F5F,34276.52,SEK,2025-11-09T12:17:28.843651,TRANSFER
TX-F9C09EAAEC79,U-CD04EA29,U-380AD994,46824.58,SEK,2025-10-14T12:17:28.843651,TRANSFER
TX-9B8991C03297,U-832433E5,U-062F0271,28405.26,SEK,2025-09-25T12:17:28.843651,TRANSFER
TX-850D1F0EC9FF,U-61F1CC2F,U-B88E28FE,4312.7,SEK,2025-09-03T12:17:28.843651,TRANSFER
TX-FD4FACF0DF77,U-032928E4,U-B04F9201,16743.91,SEK,2025-10-28T12:17:28.843651,TRANSFER
TX-0B8ABF4243B9,U-062F0271,U-CD04EA29,44067.7,SEK,2025-09-11T12:17:28.843651,TRANSFER
TX-5CAEAFF72AB0,U-DD2CA501,U-7CFB8E6B,40138.46,SEK,2025-11-14T12:17:28.843651,TRANSFER
TX-F6F738A89BFD,U-490DEEA5,U-ADA6B48C,15554.92,SEK,2025-11-01T12:17:28.843651,TRANSFER
TX-2463A8100AA1,U-B88E28FE,U-F1F65246,15246.4,SEK,2025-11-17T12:17:28.843651,TRANSFER
TX-DD7BA4BF133D,U-AD06EC0E,U-F1F65246,48162.56,SEK,2025-09-24T12:17:28.843651,TRANSFER
TX-2B093D3B4649,U-85E23257,U-AC074304,8092.78,SEK,2025-09-21T12:17:28.843651,TRANSFER
TX-0B1B4BFAA082,U-1394B876,U-F602A73E,19564.92,SEK,2025-09-29T12:17:28.843651,TRANSFER
TX-D392174BBE6C,U-B3E4424F,U-BB3E915B,18867.86,SEK,2025-09-25T12:17:28.843651,TRANSFER
TX-93781DD2C848,U-032928E4,U-4DA4AE7B,27953.47,SEK,2025-10-22T12:17:28.843651,TRANSFER
TX-3A665DC8AEDB,U-7BD99A15,U-CD04EA29,27625.73,SEK,2025-09-18T12:17:28.843651,TRANSFER
TX-5167E4860E1B,U-52723C43,U-B3E4424F,10150.61,SEK,2025-10-13T12:17:28.843651,TRANSFER
TX-752AD19E0225,U-567ECBE0,U-20B600BB,33932.58,SEK,2025-10-10T12:17:28.843651,TRANSFER
TX-583321BCD0FA,U-7BC4412E,U-1394B876,17033.34,SEK,2025-11-28T12:17:28.843651,TRANSFER
TX-157225D03478,U-1DFBE7CE,U-5B8A997B,48403.89,SEK,2025-09-19T12:17:28.843651,TRANSFER
TX-6C5E93A5BDD4,U-ACA9BFBB,U-6398255A,22092.91,SEK,2025-10-04T12:17:28.843651,TRANSFER
TX-787ABDFE6082,U-1DFBE7CE,U-B04F9201,46609.6,SEK,2025-11-12T12:17:28.843651,TRANSFER
TX-DA2EBF93A3F8,U-F22CE070,U-46FCB00A,38644.36,SEK,2025-10-12T12:17:28.843651,TRANSFER
TX-88C6CB88ABDD,U-243DAC86,U-AC074304,14966.76,SEK,2025-09-21T12:17:28.843651,TRANSFER
TX-9A82EF79688D,U-8E245F7F,U-095123A5,2167.67,SEK,2025-09-22T12:17:28.843651,TRANSFER
TX-AD5D7A8D88FA,U-85E23257,U-8B6A5FD9,40538.59,SEK,2025-10-22T12:17:28.843651,TRANSFER
TX-796B1936C467,U-243DAC86,U-032928E4,49697.23,SEK,2025-09-04T12:17:28.843651,TRANSFER
TX-D3142EE6EC19,U-DD2CA501,U-B9858C18,28261.08,SEK,2025-10-28T12:17:28.843651,TRANSFER
TX-45CEC19A0A0F,U-7BD99A15,U-0E32A873,26081.48,SEK,2025-10-20T12:17:28.843651,TRANSFER
TX-969A8274549C,U-EBE9098D,U-E20E3420,27164.35,SEK,2025-10-07T12:17:28.843651,TRANSFER
TX-1025B0A1C5BE,U-1DFBE7CE,U-697B35FF,3707.05,SEK,2025-10-26T12:17:28.843651,TRANSFER
TX-FD468A408B86,U-85E23257,U-7BD99A15,11690.19,SEK,2025-10-03T12:17:28.843651,TRANSFER
TX-856D12DADBF6,U-FC982775,U-7BD99A15,4414.26,SEK,2025-09-05T12:17:28.843651,TRANSFER
TX-2FE4917A2A96,U-B34E644D,U-ACA9BFBB,15718.93,SEK,2025-10-05T12:17:28.843651,TRANSFER
TX-BBCEB0DF367F,U-3FC0DB2C,U-52940471,48178.49,SEK,2025-10-20T12:17:28.843651,TRANSFER
TX-F534F5ECC711,U-FC982775,U-EA21961E,30922.31,SEK,2025-10-04T12:17:28.843651,TRANSFER
TX-32D2C6909D75,U-BD86FB58,U-F22CE070,22266.78,SEK,2025-11-10T12:17:28.843651,TRANSFER
TX-7BEE5E1DDED0,U-F0300908,U-0394A4E6,1124.59,SEK,2025-09-16T12:17:28.843651,TRANSFER
TX-B8F895C12390,U-6C54AE82,U-DCCDC403,7809.79,SEK,2025-11-19T12:17:28.843651,TRANSFER
TX-7C367A00C2C2,U-D126D72E,U-B34FC55E,575.32,SEK,2025-10-13T12:17:28.843651,TRANSFER
TX-2061BFDC026C,U-5118C6A7,U-B88E28FE,25767.78,SEK,2025-11-08T12:17:28.843651,TRANSFER
TX-0846EC97363F,U-55179B0D,U-243DAC86,11544.67,SEK,2025-09-24T12:17:28.843651,TRANSFER
TX-F955844CE29B,U-38455E9C,U-F1F65246,16228.56,SEK,2025-09-26T12:17:28.843651,TRANSFER
TX-4CB6D1CA1A6A,U-6C54AE82,U-56C46D18,32731.55,SEK,2025-10-28T12:17:28.843651,TRANSFER
TX-C749D3496464,U-A6399F5F,U-F1F65246,43066.08,SEK,2025-10-12T12:17:28.843651,TRANSFER
TX-FB183A7FD7D0,U-793D8767,U-A26B8F31,34413.4,SEK,2025-11-30T12:17:28.843651,TRANSFER
TX-973CEC0AB266,U-1E9F9E86,U-0394A4E6,38138.11,SEK,2025-11-02T12:17:28.843651,TRANSFER
TX-6CE6541B23A3,U-8DFC97F4,U-B15BB7C7,44147.52,SEK,2025-10-13T12:17:28.843651,TRANSFER
TX-C190BB47A3E0,U-CD04EA29,U-EA21961E,47506.89,SEK,2025-10-19T12:17:28.843651,TRANSFER
TX-C0CF551327F2,U-1DFBE7CE,U-F0300908,23914.99,SEK,2025-10-04T12:17:28.843651,TRANSFER
TX-44A64D0C6840,U-EAF8E418,U-6398255A,39045.57,SEK,2025-10-17T12:17:28.843651,TRANSFER
TX-C2CE777CBA12,U-0394A4E6,U-3A5D9B61,10319.21,SEK,2025-09-14T12:17:28.843651,TRANSFER
TX-BCDCE6B9C6F3,U-46FCB00A,U-539B7F4F,29135.98,SEK,2025-10-11T12:17:28.843651,TRANSFER
TX-4B9CBE51525D,U-D3CA6B12,U-B15BB7C7,7141.1,SEK,2025-10-01T12:17:28.843651,TRANSFER
TX-428A0CCD607F,U-DD2CA501,U-38455E9C,32527.27,SEK,2025-11-28T12:17:28.843651,TRANSFER
TX-EFEBB8949CEF,U-227CA6E7,U-56C46D18,19738.26,SEK,2025-10-26T12:17:28.843651,TRANSFER
TX-4BE6568F374C,U-5F13B2F9,U-AC074304,22167.02,SEK,2025-11-12T12:17:28.843651,TRANSFER
TX-7A2149B4F2D4,U-F1F65246,U-BD86FB58,17017.58,SEK,2025-10-10T12:17:28.843651,TRANSFER
TX-8D40A0288A1E,U-567ECBE0,U-B3E4424F,31075.02,SEK,2025-10-26T12:17:28.843651,TRANSFER
TX-2E94CC6B14D4,U-5B8A997B,U-095123A5,31055.52,SEK,2025-10-27T12:17:28.843651,TRANSFER
TX-DC7852AC7751,U-B3E4424F,U-78A35E2E,47104.98,SEK,2025-10-02T12:17:28.843651,TRANSFER
TX-85CCB72F9EFD,U-8DFC97F4,U-CD04EA29,40928.35,SEK,2025-10-05T12:17:28.843651,TRANSFER
TX-E4A00E81483B,U-9D2B9C17,U-7CFB8E6B,14587.92,SEK,2025-09-15T12:17:28.843651,TRANSFER
TX-323450E01CE1,U-793D8767,U-1E9F9E86,39637.98,SEK,2025-10-28T12:17:28.843651,TRANSFER
TX-F1CE80B34FA6,U-2C013416,U-20B600BB,41154.48,SEK,2025-10-25T12:17:28.843651,TRANSFER
TX-A1B21BEB9EA9,U-243DAC86,U-5118C6A7,20896.28,SEK,2025-10-10T12:17:28.843651,TRANSFER
TX-1B553AD44DB6,U-ACA9BFBB,U-5B343EFB,27357.98,SEK,2025-10-05T12:17:28.843651,TRANSFER
TX-054A0FD63881,U-B34FC55E,U-B34E644D,875.4,SEK,2025-11-05T12:17:28.843651,TRANSFER
TX-A106D03D1F3E,U-9DFCE14D,U-46FCB00A,44963.5,SEK,2025-09-15T12:17:28.843651,TRANSFER
TX-568D34D3C75B,U-793D8767,U-4145A2E6,3342.39,SEK,2025-09-06T12:17:28.843651,TRANSFER
TX-DE50EDEF4B2E,U-AC074304,U-E20E3420,19527.38,SEK,2025-10-16T12:17:28.843651,TRANSFER
TX-908AE7D8493A,U-B88E28FE,U-BA9E9B72,29719.44,SEK,2025-11-22T12:17:28.843651,TRANSFER
TX-2B9E57856655,U-20B600BB,U-5E14F388,32185.41,SEK,2025-11-20T12:17:28.843651,TRANSFER
TX-FEA1B1519E0F,U-20B600BB,U-A6399F5F,5994.8,SEK,2025-11-29T12:17:28.843651,TRANSFER
TX-63EF95B408F2,U-ADA6B48C,U-1394B876,29503.1,SEK,2025-10-29T12:17:28.843651,TRANSFER
TX-11EFF3ECFE43,U-F1F65246,U-63DCAFD0,16974.24,SEK,2025-11-08T12:17:28.843651,TRANSFER
TX-5AA2FE7DC30F,U-BD86FB58,U-EAF8E418,30807.6,SEK,2025-10-17T12:17:28.843651,TRANSFER
TX-F05AF559A6DE,U-2C013416,U-227CA6E7,33023.92,SEK,2025-09-12T12:17:28.843651,TRANSFER
TX-30E1C1DF185B,U-D61FECD0,U-697B35FF,48741.59,SEK,2025-10-21T12:17:28.843651,TRANSFER
TX-5279C45C2032,U-8605B00D,U-F1F65246,33602.93,SEK,2025-11-21T12:17:28.843651,TRANSFER
TX-07687459511D,U-8605B00D,U-4145A2E6,12888.72,SEK,2025-10-19T12:17:28.843651,TRANSFER
TX-B4360017C003,U-B88E28FE,U-227CA6E7,22045.79,SEK,2025-11-07T12:17:28.843651,TRANSFER
TX-F1418E2C27A3,U-1DFBE7CE,U-A26B8F31,3127.19,SEK,2025-11-16T12:17:28.843651,TRANSFER
TX-135FCA909AA7,U-9D2B9C17,U-82308133,23823.28,SEK,2025-10-04T12:17:28.843651,TRANSFER
TX-583685033416,U-ACA9BFBB,U-E681EA30,23812.9,SEK,2025-09-16T12:17:28.843651,TRANSFER
TX-1D37B8F6F48D,U-CD04EA29,U-8605B00D,24785.85,SEK,2025-11-24T12:17:28.843651,TRANSFER
TX-870F205F36F5,U-2BB7762B,U-B34FC55E,10717.48,SEK,2025-09-20T12:17:28.843651,TRANSFER
TX-871D24FDC551,U-82308133,U-19572687,48791.72,SEK,2025-12-01T12:17:28.843651,TRANSFER
TX-CFC6C50501FF,U-ACA9BFBB,U-5B343EFB,17576.21,SEK,2025-10-09T12:17:28.843651,TRANSFER
TX-2418C855AD7B,U-F1F65246,U-0E32A873,20771.71,SEK,2025-09-17T12:17:28.843651,TRANSFER
TX-E1AD15BA565F,U-5E14F388,U-6398255A,15765.24,SEK,2025-11-19T12:17:28.843651,TRANSFER
TX-CFB2F6826F3C,U-D61FECD0,U-82A69CAF,48532.81,SEK,2025-11-01T12:17:28.843651,TRANSFER
TX-AD68E43E7A88,U-1A6C3377,U-E466E98D,40068.26,SEK,2025-10-05T12:17:28.843651,TRANSFER
TX-1AFFD60D0D07,U-D61FECD0,U-F22CE070,49873.15,SEK,2025-11-29T12:17:28.843651,TRANSFER
TX-FE2F866AF3B5,U-EAF8E418,U-1E9F9E86,24773.73,SEK,2025-09-27T12:17:28.843651,TRANSFER
TX-B92661CD7FF8,U-52940471,U-8E245F7F,20677.75,SEK,2025-11-01T12:17:28.843651,TRANSFER
TX-C05E8E16544A,U-ADA6B48C,U-55179B0D,47156.62,SEK,2025-09-08T12:17:28.843651,TRANSFER
TX-9E4FD5345554,U-63DCAFD0,U-EA21961E,43209.59,SEK,2025-09-06T12:17:28.843651,TRANSFER
TX-049467A228A0,U-9DFCE14D,U-EBE9098D,27547.47,SEK,2025-11-18T12:17:28.843651,TRANSFER
TX-81F4751B4EF0,U-0394A4E6,U-B34FC55E,35581.14,SEK,2025-11-06T12:17:28.843651,TRANSFER
TX-69E8B9AD7CA9,U-243DAC86,U-78A35E2E,38369.86,SEK,2025-09-20T12:17:28.843651,TRANSFER
TX-2206A6606939,U-D126D72E,U-AD06EC0E,2141.59,SEK,2025-11-28T12:17:28.843651,TRANSFER
TX-945283DE072B,U-46FCB00A,U-3A5D9B61,13947.75,SEK,2025-11-25T12:17:28.843651,TRANSFER
TX-8A92ED3037AB,U-A26B8F31,U-19572687,20151.65,SEK,2025-09-04T12:17:28.843651,TRANSFER
TX-98979DEF271A,U-ACA9BFBB,U-243DAC86,31892.72,SEK,2025-09-29T12:17:28.843651,TRANSFER
TX-7F5238C5C4F2,U-F602A73E,U-8B6A5FD9,38254.73,SEK,2025-10-24T12:17:28.843651,TRANSFER
TX-023073884AC9,U-539B7F4F,U-F602A73E,33707.61,SEK,2025-11-28T12:17:28.843651,TRANSFER
TX-72A293D695B4,U-7BD99A15,U-8DFC97F4,23400.94,SEK,2025-11-10T12:17:28.843651,TRANSFER
TX-98F3C2AF8A82,U-38455E9C,U-539B7F4F,11595.74,SEK,2025-09-04T12:17:28.843651,TRANSFER
TX-176E8B0B8490,U-1DFBE7CE,U-E20E3420,10862.46,SEK,2025-11-14T12:17:28.843651,TRANSFER
TX-0C8E71D205CB,U-DCCDC403,U-7CFB8E6B,48591.58,SEK,2025-11-19T12:17:28.843651,TRANSFER
TX-3BE4FE7CC650,U-91723BAC,U-69448C08,49577.86,SEK,2025-10-14T12:17:28.843651,TRANSFER
TX-807235BC50ED,U-B15BB7C7,U-AD06EC0E,4499.2,SEK,2025-09-26T12:17:28.843651,TRANSFER
TX-6B2517BD9A40,U-1E9F9E86,U-6398255A,45347.45,SEK,2025-09-22T12:17:28.843651,TRANSFER
TX-A91F7A1D7C34,U-5E14F388,U-F602A73E,13568.32,SEK,2025-09-22T12:17:28.843651,TRANSFER
TX-DB3541545042,U-9D2B9C17,U-0394A4E6,30996.49,SEK,2025-10-22T12:17:28.843651,TRANSFER
TX-2355A37524F3,U-AD06EC0E,U-0394A4E6,44396.32,SEK,2025-09-17T12:17:28.843651,TRANSFER
TX-8F6C61B8B785,U-9D2B9C17,U-793D8767,36618.11,SEK,2025-11-30T12:17:28.843651,TRANSFER
TX-8736B8F1DACA,U-6C54AE82,U-3A5D9B61,34344.23,SEK,2025-09-04T12:17:28.843651,TRANSFER
TX-F78814BE7ACF,U-7CFB8E6B,U-095123A5,16559.6,SEK,2025-09-23T12:17:28.843651,TRANSFER
TX-3CF404032147,U-FC982775,U-D3CA6B12,9365.31,SEK,2025-11-07T12:17:28.843651,TRANSFER
TX-AAAEF0548491,U-1E0A7A66,U-D61FECD0,32256.12,SEK,2025-11-28T12:17:28.843651,TRANSFER
TX-85C141CA6715,U-AF2C94E5,U-52940471,29142.18,SEK,2025-09-25T12:17:28.843651,TRANSFER
TX-794462F538BE,U-85E23257,U-5B8A997B,37856.44,SEK,2025-11-02T12:17:28.843651,TRANSFER
TX-B7E7052EF271,U-90B9F64C,U-A6399F5F,33873.88,SEK,2025-10-26T12:17:28.843651,TRANSFER
TX-95072DFACF34,U-2FD47D83,U-2C013416,17147.56,SEK,2025-09-22T12:17:28.843651,TRANSFER
TX-DC1DFAC897D7,U-243DAC86,U-032928E4,25829.03,SEK,2025-11-01T12:17:28.843651,TRANSFER
TX-8F66C4D5629D,U-61F1CC2F,U-E466E98D,31977.04,SEK,2025-10-27T12:17:28.843651,TRANSFER
TX-BD4BBDAB5B87,U-52940471,U-B88E28FE,6336.78,SEK,2025-10-05T12:17:28.843651,TRANSFER
TX-64C45BCB9025,U-DCCDC403,U-1A6C3377,22599.7,SEK,2025-09-26T12:17:28.843651,TRANSFER
TX-BE0AECF49A19,U-D61FECD0,U-8605B00D,30880.49,SEK,2025-10-24T12:17:28.843651,TRANSFER
TX-B451B7F943CC,U-B34FC55E,U-1E9F9E86,27104.37,SEK,2025-09-15T12:17:28.843651,TRANSFER
TX-4781AAFC635B,U-4145A2E6,U-8605B00D,3929.62,SEK,2025-09-07T12:17:28.843651,TRANSFER
TX-252E07669C68,U-227CA6E7,U-539B7F4F,20105.83,SEK,2025-11-07T12:17:28.843651,TRANSFER
TX-4F6BC5A4A995,U-78A35E2E,U-243DAC86,1934.32,SEK,2025-10-08T12:17:28.843651,TRANSFER
TX-C7559CC46F7C,U-8E245F7F,U-B15BB7C7,7251.49,SEK,2025-09-28T12:17:28.843651,TRANSFER
TX-53ED17DE7EC4,U-2C013416,U-4DA4AE7B,7263.1,SEK,2025-09-15T12:17:28.843651,TRANSFER
TX-9518F475372E,U-3FC0DB2C,U-539B7F4F,31507.19,SEK,2025-09-11T12:17:28.843651,TRANSFER
TX-3BF110CB81C9,U-38455E9C,U-5B343EFB,4941.63,SEK,2025-10-12T12:17:28.843651,TRANSFER
TX-980866CB0640,U-69448C08,U-B88E28FE,260.3,SEK,2025-11-18T12:17:28.843651,TRANSFER
TX-CA936B664054,U-697B35FF,U-E681EA30,13316.63,SEK,2025-10-03T12:17:28.843651,TRANSFER
TX-F861BE20B295,U-AF2C94E5,U-E681EA30,48055.85,SEK,2025-09-29T12:17:28.843651,TRANSFER
TX-295BB4830D52,U-ADA6B48C,U-567ECBE0,23109.31,SEK,2025-09-24T12:17:28.843651,TRANSFER
TX-18C132170AE7,U-52723C43,U-8605B00D,43140.08,SEK,2025-09-11T12:17:28.843651,TRANSFER
TX-5CFCE0F2BA54,U-AF2C94E5,U-793D8767,10713.67,SEK,2025-11-03T12:17:28.843651,TRANSFER
TX-F9ECD168FC6F,U-61F1CC2F,U-56C46D18,30006.8,SEK,2025-10-13T12:17:28.843651,TRANSFER
TX-644D9552397D,U-6398255A,U-BA9E9B72,43582.0,SEK,2025-10-06T12:17:28.843651,TRANSFER
TX-DDD8FF7A5C84,U-EBE9098D,U-82A69CAF,34672.76,SEK,2025-10-30T12:17:28.843651,TRANSFER
TX-5439064D5242,U-DD2CA501,U-697B35FF,22515.03,SEK,2025-11-27T12:17:28.843651,TRANSFER
TX-998B766F162E,U-8540D3B7,U-7CFB8E6B,36906.37,SEK,2025-11-15T12:17:28.843651,TRANSFER
TX-3018171CCA7C,U-490DEEA5,U-5B343EFB,39897.15,SEK,2025-09-08T12:17:28.843651,TRANSFER
TX-567E6B28B28E,U-AF2C94E5,U-82A69CAF,10352.04,SEK,2025-10-26T12:17:28.843651,TRANSFER
TX-901903A442BC,U-3FC0DB2C,U-B15BB7C7,15896.38,SEK,2025-11-15T12:17:28.843651,TRANSFER
TX-A6A3D1FF1EAE,U-1DFBE7CE,U-539B7F4F,1604.86,SEK,2025-10-24T12:17:28.843651,TRANSFER
TX-6E798209356D,U-490DEEA5,U-55179B0D,43442.67,SEK,2025-09-18T12:17:28.843651,TRANSFER
TX-A8AF3BB628E5,U-0394A4E6,U-3FC0DB2C,36899.21,SEK,2025-11-09T12:17:28.843651,TRANSFER
TX-78ABD635DCB4,U-19572687,U-31005BC3,19069.48,SEK,2025-11-07T12:17:28.843651,TRANSFER
TX-604460A0B301,U-EA21961E,U-9DFE947F,32804.5,SEK,2025-10-01T12:17:28.843651,TRANSFER
TX-5C7194737F8B,U-F1F65246,U-2BB7762B,30296.69,SEK,2025-11-03T12:17:28.843651,TRANSFER
TX-6EFCBD801915,U-31005BC3,U-FC982775,18710.65,SEK,2025-09-18T12:17:28.843651,TRANSFER
TX-023BE5714D7A,U-D61FECD0,U-EAF8E418,46356.93,SEK,2025-09-24T12:17:28.843651,TRANSFER
TX-F3CAB2F960B5,U-CD04EA29,U-7CFB8E6B,23904.67,SEK,2025-10-14T12:17:28.843651,TRANSFER
TX-41424520F543,U-6398255A,U-82308133,40880.02,SEK,2025-10-04T12:17:28.843651,TRANSFER
TX-686914B72575,U-8057742D,U-AF2C94E5,19796.59,SEK,2025-10-02T12:17:28.843651,TRANSFER
TX-8673048D7E58,U-52940471,U-3A5D9B61,48057.6,SEK,2025-11-29T12:17:28.843651,TRANSFER
TX-01D77CD1607D,U-82A69CAF,U-9DFE947F,12929.42,SEK,2025-09-13T12:17:28.843651,TRANSFER
TX-548A80E2E2F8,U-0394A4E6,U-E20E3420,26627.06,SEK,2025-11-05T12:17:28.843651,TRANSFER
TX-B8F9D220CBFA,U-F1F65246,U-F0300908,49292.18,SEK,2025-11-28T12:17:28.843651,TRANSFER
TX-79F0AFF68135,U-F602A73E,U-5F13B2F9,23979.19,SEK,2025-10-25T12:17:28.843651,TRANSFER
TX-D55B5D751075,U-CA1ABBAD,U-6398255A,24825.89,SEK,2025-09-03T12:17:28.843651,TRANSFER
TX-0394EF2D1828,U-AD06EC0E,U-2C013416,20294.02,SEK,2025-11-01T12:17:28.843651,TRANSFER
TX-4AF23269B231,U-38455E9C,U-7CFB8E6B,4675.81,SEK,2025-11-23T12:17:28.843651,TRANSFER
TX-515DA92C4322,U-1DFBE7CE,U-8057742D,27743.34,SEK,2025-09-13T12:17:28.843651,TRANSFER
TX-98A9FB258C9D,U-0E32A873,U-56C46D18,49000.41,SEK,2025-11-24T12:17:28.843651,TRANSFER
TX-2CCE584C6606,U-EAF8E418,U-7BD99A15,12025.58,SEK,2025-10-13T12:17:28.843651,TRANSFER
TX-EEEAD9F20620,U-D3CA6B12,U-56C46D18,15146.82,SEK,2025-11-16T12:17:28.843651,TRANSFER
TX-9491E90AB9DC,U-69448C08,U-B3E4424F,10818.46,SEK,2025-11-09T12:17:28.843651,TRANSFER
TX-F82177FBCCD8,U-AF2C94E5,U-5B343EFB,47003.62,SEK,2025-10-29T12:17:28.843651,TRANSFER
TX-C6EE25410822,U-5E14F388,U-0E32A873,14449.11,SEK,2025-09-14T12:17:28.843651,TRANSFER
TX-858047781283,U-832433E5,U-78A35E2E,27160.94,SEK,2025-09-12T12:17:28.843651,TRANSFER
TX-AAF0CD7B5D12,U-46FCB00A,U-31005BC3,17884.11,SEK,2025-12-02T12:17:28.843651,TRANSFER
TX-6D0BD8649BBC,U-B15BB7C7,U-9DFCE14D,38716.93,SEK,2025-11-03T12:17:28.843651,TRANSFER
TX-772B0D691F03,U-5F13B2F9,U-61F1CC2F,8427.77,SEK,2025-12-01T12:17:28.843651,TRANSFER
TX-18336ACB36ED,U-EAF8E418,U-1E9F9E86,34071.13,SEK,2025-10-02T12:17:28.843651,TRANSFER
TX-81B82EAFD551,U-8B6A5FD9,U-61F1CC2F,19749.49,SEK,2025-10-28T12:17:28.843651,TRANSFER
TX-4F25457693DF,U-697B35FF,U-5118C6A7,34578.08,SEK,2025-11-14T12:17:28.843651,TRANSFER
TX-30CBEFBE7EE3,U-2C013416,U-DCCDC403,29546.98,SEK,2025-10-12T12:17:28.843651,TRANSFER
TX-53A525987BB4,U-539B7F4F,U-380AD994,45115.14,SEK,2025-11-28T12:17:28.843651,TRANSFER
TX-54ECD68C2F70,U-7CFB8E6B,U-2BB7762B,30958.82,SEK,2025-09-21T12:17:28.843651,TRANSFER
TX-D814FC0E49A9,U-EBE9098D,U-490DEEA5,19657.79,SEK,2025-10-24T12:17:28.843651,TRANSFER
TX-286A6941865B,U-F602A73E,U-7BD99A15,11481.94,SEK,2025-10-09T12:17:28.843651,TRANSFER
TX-81BDAA1D835B,U-A26B8F31,U-2C013416,48640.76,SEK,2025-09-26T12:17:28.843651,TRANSFER
TX-84224A7752E0,U-8B6A5FD9,U-2BB7762B,42301.64,SEK,2025-10-02T12:17:28.843651,TRANSFER
TX-9F2DAB353348,U-032928E4,U-8B6A5FD9,15248.03,SEK,2025-11-01T12:17:28.843651,TRANSFER
TX-20B87C6DE19A,U-D3CA6B12,U-F1F65246,48781.87,SEK,2025-10-30T12:17:28.843651,TRANSFER
TX-1D71C6ACE9D7,U-F22CE070,U-539B7F4F,5634.17,SEK,2025-11-28T12:17:28.843651,TRANSFER
TX-34599161D0DE,U-2BD65D23,U-AD06EC0E,14636.8,SEK,2025-10-28T12:17:28.843651,TRANSFER
TX-967CB4C66A34,U-4C164A94,U-697B35FF,35156.84,SEK,2025-11-08T12:17:28.843651,TRANSFER
TX-844C5F548206,U-82A69CAF,U-697B35FF,32225.15,SEK,2025-11-11T12:17:28.843651,TRANSFER
TX-7C7B95230427,U-7CFB8E6B,U-5F13B2F9,23163.14,SEK,2025-09-21T12:17:28.843651,TRANSFER
TX-06F7B1E65108,U-227CA6E7,U-4C164A94,9127.29,SEK,2025-10-30T12:17:28.843651,TRANSFER
TX-C707750C68B7,U-1DFBE7CE,U-FC982775,24875.77,SEK,2025-11-24T12:17:28.843651,TRANSFER
TX-D3560394B9D2,U-AD06EC0E,U-52723C43,41834.1,SEK,2025-10-31T12:17:28.843651,TRANSFER
TX-815C85767AA8,U-52723C43,U-4145A2E6,46985.34,SEK,2025-09-17T12:17:28.843651,TRANSFER
TX-7B0687070104,U-F0300908,U-7CFB8E6B,39680.85,SEK,2025-09-23T12:17:28.843651,TRANSFER
TX-0DDEFBF970E6,U-2FD47D83,U-8605B00D,33709.39,SEK,2025-10-01T12:17:28.843651,TRANSFER
TX-8EBC81AE755D,U-3A5D9B61,U-82308133,20371.81,SEK,2025-10-30T12:17:28.843651,TRANSFER
TX-11D037E617D3,U-A6399F5F,U-EAF8E418,30803.9,SEK,2025-10-17T12:17:28.843651,TRANSFER
TX-7C102D132D10,U-55179B0D,U-CA1ABBAD,36592.15,SEK,2025-11-07T12:17:28.843651,TRANSFER
TX-4DEE22459FBB,U-FC982775,U-D61FECD0,29746.18,SEK,2025-09-29T12:17:28.843651,TRANSFER
TX-707EC394FA1F,U-1A6C3377,U-8605B00D,43605.75,SEK,2025-10-31T12:17:28.843651,TRANSFER
TX-83115BE99A70,U-B3E4424F,U-82A69CAF,8965.02,SEK,2025-09-18T12:17:28.843651,TRANSFER
TX-5A6E2F59DCC5,U-38455E9C,U-EA21961E,40050.66,SEK,2025-09-26T12:17:28.843651,TRANSFER
TX-DF2D20ED058A,U-3FC0DB2C,U-A26B8F31,7927.24,SEK,2025-09-06T12:17:28.843651,TRANSFER
TX-DD0DF8971EEF,U-CD04EA29,U-55179B0D,45896.82,SEK,2025-09-23T12:17:28.843651,TRANSFER
TX-0FA3467DAACF,U-B04F9201,U-2BB7762B,34369.72,SEK,2025-11-30T12:17:28.843651,TRANSFER
TX-F29C901806A5,U-DCCDC403,U-0394A4E6,14873.94,SEK,2025-11-06T12:17:28.843651,TRANSFER
TX-DBA75BC8E475,U-2FD47D83,U-69448C08,22238.49,SEK,2025-11-30T12:17:28.843651,TRANSFER
TX-C965FB81BD03,U-ACA9BFBB,U-4C164A94,263.18,SEK,2025-09-23T12:17:28.843651,TRANSFER
TX-D1ED1302F216,U-5B343EFB,U-EBE9098D,1783.7,SEK,2025-10-25T12:17:28.843651,TRANSFER
TX-A4CA44BC69FC,U-8DFC97F4,U-AD06EC0E,42567.16,SEK,2025-09-29T12:17:28.843651,TRANSFER
TX-DF558088BB9C,U-EA21961E,U-31005BC3,5269.69,SEK,2025-09-18T12:17:28.843651,TRANSFER
TX-C6A221EC3D78,U-032928E4,U-46FCB00A,1617.51,SEK,2025-11-12T12:17:28.843651,TRANSFER
TX-78523F1D72A0,U-19572687,U-380AD994,26160.65,SEK,2025-11-22T12:17:28.843651,TRANSFER
TX-A007171AD7D8,U-63DCAFD0,U-FC982775,29934.15,SEK,2025-11-26T12:17:28.843651,TRANSFER
TX-22B16D7A4968,U-20B600BB,U-6398255A,41026.47,SEK,2025-11-19T12:17:28.843651,TRANSFER
TX-F7F1C5F044F7,U-D3CA6B12,U-8057742D,49148.12,SEK,2025-11-26T12:17:28.843651,TRANSFER
TX-0A50A2F89B39,U-1E9F9E86,U-56C46D18,36975.06,SEK,2025-10-17T12:17:28.843651,TRANSFER
TX-795386E8375F,U-490DEEA5,U-B88E28FE,43047.72,SEK,2025-09-06T12:17:28.843651,TRANSFER
TX-18CA5B9A6130,U-20B600BB,U-095123A5,933.78,SEK,2025-10-24T12:17:28.843651,TRANSFER
TX-E650C64E8B2B,U-8605B00D,U-8E245F7F,18873.41,SEK,2025-10-31T12:17:28.843651,TRANSFER
TX-F6BE44C2E536,U-9DFCE14D,U-2BD65D23,31312.58,SEK,2025-09-15T12:17:28.843651,TRANSFER
TX-3E254D6521BB,U-1E9F9E86,U-3A5D9B61,9560.26,SEK,2025-11-18T12:17:28.843651,TRANSFER
TX-1E792379F072,U-2FD47D83,U-82308133,21186.05,SEK,2025-09-27T12:17:28.843651,TRANSFER
TX-B31404CD6840,U-AF2C94E5,U-8B6A5FD9,10455.19,SEK,2025-11-20T12:17:28.843651,TRANSFER
TX-805E1CF070B6,U-9DFCE14D,U-BD86FB58,49889.61,SEK,2025-11-11T12:17:28.843651,TRANSFER
TX-5D5858B96E77,U-CD04EA29,U-793D8767,19807.68,SEK,2025-11-02T12:17:28.843651,TRANSFER
TX-22D55402EEC2,U-31005BC3,U-91723BAC,41465.21,SEK,2025-10-29T12:17:28.843651,TRANSFER
TX-415E0EA052C9,U-9DFE947F,U-5B343EFB,31732.07,SEK,2025-10-07T12:17:28.843651,TRANSFER
TX-71AD77A5E00D,U-D61FECD0,U-8540D3B7,11159.16,SEK,2025-10-26T12:17:28.843651,TRANSFER
TX-973305C111EA,U-B9858C18,U-0394A4E6,3644.14,SEK,2025-11-25T12:17:28.843651,TRANSFER
TX-F6C61C2E13EA,U-7BC4412E,U-697B35FF,40275.93,SEK,2025-09-25T12:17:28.843651,TRANSFER
TX-A54E7A1A1009,U-1394B876,U-9DFE947F,39539.23,SEK,2025-09-11T12:17:28.843651,TRANSFER
TX-80A7A536AB9C,U-539B7F4F,U-55179B0D,34173.47,SEK,2025-10-19T12:17:28.843651,TRANSFER
TX-FD0DF8B105CB,U-9DFCE14D,U-1E0A7A66,33882.58,SEK,2025-11-02T12:17:28.843651,TRANSFER
TX-8A7EEB03F546,U-5B8A997B,U-8E245F7F,25648.95,SEK,2025-09-30T12:17:28.843651,TRANSFER
TX-E078DC522DF7,U-0E32A873,U-5E14F388,15758.11,SEK,2025-10-14T12:17:28.843651,TRANSFER
TX-24DCE2AB1F7D,U-FC982775,U-CD04EA29,33592.45,SEK,2025-12-02T12:17:28.843651,TRANSFER
TX-130249E3E772,U-E681EA30,U-90B9F64C,48823.6,SEK,2025-11-13T12:17:28.843651,TRANSFER
TX-922896544F6F,U-0394A4E6,U-9DFE947F,39025.0,SEK,2025-09-20T12:17:28.843651,TRANSFER
TX-FE933B89B852,U-1A6C3377,U-1E0A7A66,39388.85,SEK,2025-10-31T12:17:28.843651,TRANSFER
TX-22503AB2E11A,U-1394B876,U-4DA4AE7B,8801.27,SEK,2025-10-16T12:17:28.843651,TRANSFER
TX-C45D59324D4F,U-832433E5,U-9D2B9C17,38653.8,SEK,2025-10-18T12:17:28.843651,TRANSFER
TX-D2BF38345226,U-5B8A997B,U-5E14F388,20486.87,SEK,2025-11-18T12:17:28.843651,TRANSFER
TX-3690CFE37C2D,U-5118C6A7,U-8E245F7F,40097.75,SEK,2025-09-26T12:17:28.843651,TRANSFER
TX-0B82028DB4B3,U-0E32A873,U-697B35FF,42630.0,SEK,2025-10-27T12:17:28.843651,TRANSFER
TX-C2F84B75C44D,U-EBE9098D,U-7BC4412E,12361.42,SEK,2025-10-29T12:17:28.843651,TRANSFER
TX-D593910C0393,U-EAF8E418,U-4C164A94,40277.26,SEK,2025-10-08T12:17:28.843651,TRANSFER
TX-3A1390632886,U-31005BC3,U-1A6C3377,27972.27,SEK,2025-11-07T12:17:28.843651,TRANSFER
TX-131A551CF06D,U-F1F65246,U-56C46D18,26978.84,SEK,2025-09-27T12:17:28.843651,TRANSFER
TX-685A565C8C32,U-539B7F4F,U-4C164A94,33013.23,SEK,2025-10-12T12:17:28.843651,TRANSFER
TX-4038322D8A21,U-8057742D,U-1394B876,14608.86,SEK,2025-10-07T12:17:28.843651,TRANSFER
TX-2EA7DE685C20,U-A26B8F31,U-EA21961E,5246.39,SEK,2025-11-01T12:17:28.843651,TRANSFER
TX-2DC6C5205B20,U-1A6C3377,U-BD86FB58,42305.94,SEK,2025-09-18T12:17:28.843651,TRANSFER
TX-AF91EBFF2EC6,U-227CA6E7,U-243DAC86,11284.83,SEK,2025-10-03T12:17:28.843651,TRANSFER
TX-98431BABF8B2,U-BA9E9B72,U-1A6C3377,38918.59,SEK,2025-10-09T12:17:28.843651,TRANSFER
TX-746E17880204,U-832433E5,U-69448C08,7422.44,SEK,2025-10-30T12:17:28.843651,TRANSFER
TX-87F776678544,U-20B600BB,U-8605B00D,18155.95,SEK,2025-09-14T12:17:28.843651,TRANSFER
TX-83589CFB2A24,U-5B8A997B,U-8E245F7F,20380.07,SEK,2025-09-16T12:17:28.843651,TRANSFER
TX-DED5544CC5ED,U-52723C43,U-9DFE947F,19843.94,SEK,2025-10-12T12:17:28.843651,TRANSFER
TX-1FB7517BC4E5,U-31005BC3,U-0E32A873,30239.74,SEK,2025-09-13T12:17:28.843651,TRANSFER
TX-C079071CC066,U-E20E3420,U-062F0271,47705.52,SEK,2025-09-29T12:17:28.843651,TRANSFER
TX-67600659C0FE,U-A26B8F31,U-3A5D9B61,33002.3,SEK,2025-10-23T12:17:28.843651,TRANSFER
TX-3688C8F4DBBE,U-380AD994,U-E681EA30,21291.59,SEK,2025-09-09T12:17:28.843651,TRANSFER
TX-CBDF572BEB11,U-1E9F9E86,U-B04F9201,6097.82,SEK,2025-10-18T12:17:28.843651,TRANSFER
TX-18192F9411F0,U-2FD47D83,U-227CA6E7,21154.18,SEK,2025-11-02T12:17:28.843651,TRANSFER
TX-5D6CADA5AA58,U-EAF8E418,U-F602A73E,37069.2,SEK,2025-09-07T12:17:28.843651,TRANSFER
TX-8A7B5CFC81CE,U-3A5D9B61,U-4C164A94,42383.2,SEK,2025-11-20T12:17:28.843651,TRANSFER
TX-6F3086CE85E4,U-4C164A94,U-032928E4,23273.21,SEK,2025-10-22T12:17:28.843651,TRANSFER
TX-5CAD27A9DA23,U-52723C43,U-243DAC86,35022.81,SEK,2025-10-20T12:17:28.843651,TRANSFER
TX-01C18545E182,U-E681EA30,U-7CFB8E6B,38113.01,SEK,2025-11-07T12:17:28.843651,TRANSFER
TX-3972821AAFA5,U-B88E28FE,U-CA1ABBAD,25400.23,SEK,2025-10-18T12:17:28.843651,TRANSFER
TX-4B94E9545682,U-EBE9098D,U-7BC4412E,19726.88,SEK,2025-09-07T12:17:28.843651,TRANSFER
TX-670055520FC7,U-46FCB00A,U-490DEEA5,29424.99,SEK,2025-11-22T12:17:28.843651,TRANSFER
TX-45923940E27E,U-ACA9BFBB,U-7BD99A15,48191.72,SEK,2025-11-15T12:17:28.843651,TRANSFER
TX-16D59E1CA86D,U-6C54AE82,U-19572687,11063.82,SEK,2025-10-01T12:17:28.843651,TRANSFER
TX-3C3FEFB15F40,U-A6399F5F,U-55179B0D,5082.92,SEK,2025-10-06T12:17:28.843651,TRANSFER
TX-D3C18680CC6F,U-E681EA30,U-227CA6E7,23180.86,SEK,2025-11-18T12:17:28.843651,TRANSFER
TX-B9837A2FCEF4,U-9DFCE14D,U-539B7F4F,41633.6,SEK,2025-09-14T12:17:28.843651,TRANSFER
TX-7334F1F639D1,U-56C46D18,U-7BD99A15,15024.49,SEK,2025-11-30T12:17:28.843651,TRANSFER
TX-271F0FB45CB5,U-B3E4424F,U-8E245F7F,37357.74,SEK,2025-10-25T12:17:28.843651,TRANSFER
TX-DA214DC73CD4,U-4145A2E6,U-1DFBE7CE,9367.58,SEK,2025-11-27T12:17:28.843651,TRANSFER
TX-D468C6339D3C,U-227CA6E7,U-9D2B9C17,11824.71,SEK,2025-09-07T12:17:28.843651,TRANSFER
TX-63330EDD25D5,U-793D8767,U-82308133,41725.87,SEK,2025-11-13T12:17:28.843651,TRANSFER
TX-4C15EC60D18A,U-52940471,U-55179B0D,44244.12,SEK,2025-09-21T12:17:28.843651,TRANSFER
TX-5BF1555922DB,U-0E32A873,U-062F0271,19986.5,SEK,2025-10-23T12:17:28.843651,TRANSFER
TX-DD27F86AC198,U-82308133,U-CA1ABBAD,8129.64,SEK,2025-11-30T12:17:28.843651,TRANSFER
TX-F1DE79E61F6E,U-032928E4,U-EAF8E418,33434.21,SEK,2025-09-07T12:17:28.843651,TRANSFER
TX-EB03CB07195F,U-F0300908,U-2C013416,29464.39,SEK,2025-10-25T12:17:28.843651,TRANSFER
TX-28703CFC9742,U-2BB7762B,U-0394A4E6,5494.12,SEK,2025-11-10T12:17:28.843651,TRANSFER
TX-AB3E25F98C0F,U-BD86FB58,U-227CA6E7,6142.91,SEK,2025-10-13T12:17:28.843651,TRANSFER
TX-88E4E9A71C08,U-EAF8E418,U-2FD47D83,41311.23,SEK,2025-11-09T12:17:28.843651,TRANSFER
TX-7246C71C9D97,U-EA21961E,U-7CFB8E6B,794.24,SEK,2025-11-12T12:17:28.843651,TRANSFER
TX-6FA8C36DAFF1,U-8540D3B7,U-A26B8F31,15667.87,SEK,2025-10-22T12:17:28.843651,TRANSFER
TX-BBBE23469018,U-31005BC3,U-490DEEA5,43168.05,SEK,2025-09-05T12:17:28.843651,TRANSFER
TX-8666BE661175,U-46FCB00A,U-5B343EFB,10327.99,SEK,2025-10-27T12:17:28.843651,TRANSFER
TX-CEF91B227F96,U-8540D3B7,U-D126D72E,32766.92,SEK,2025-10-12T12:17:28.843651,TRANSFER
TX-4A307290345A,U-AD06EC0E,U-63DCAFD0,20650.66,SEK,2025-10-11T12:17:28.843651,TRANSFER
TX-AA32C12FBD9D,U-DD2CA501,U-ACA9BFBB,36430.03,SEK,2025-11-22T12:17:28.843651,TRANSFER
TX-F555B39C818B,U-1DFBE7CE,U-5B343EFB,9986.91,SEK,2025-10-17T12:17:28.843651,TRANSFER
TX-5DA4B1242384,U-8B6A5FD9,U-4DA4AE7B,6164.1,SEK,2025-09-24T12:17:28.843651,TRANSFER
TX-E1036E837657,U-8E245F7F,U-E20E3420,42587.24,SEK,2025-11-18T12:17:28.843651,TRANSFER
TX-5A3D350F5B82,U-5118C6A7,U-BB3E915B,17627.97,SEK,2025-10-13T12:17:28.843651,TRANSFER
TX-5D6345CEA075,U-46FCB00A,U-4DA4AE7B,25347.91,SEK,2025-09-10T12:17:28.843651,TRANSFER
TX-7115B296DC9D,U-062F0271,U-78A35E2E,32932.03,SEK,2025-11-02T12:17:28.843651,TRANSFER
TX-D484FA156629,U-095123A5,U-3FC0DB2C,26699.63,SEK,2025-11-22T12:17:28.843651,TRANSFER
TX-3291EB6D31EF,U-ACA9BFBB,U-1E0A7A66,38297.46,SEK,2025-09-14T12:17:28.843651,TRANSFER
TX-04134B8884AD,U-EA21961E,U-B34FC55E,43409.36,SEK,2025-09-03T12:17:28.843651,TRANSFER
TX-BB75F9554583,U-3FC0DB2C,U-8540D3B7,6765.54,SEK,2025-09-26T12:17:28.843651,TRANSFER
TX-B55F0A6B93F7,U-BA9E9B72,U-567ECBE0,29346.81,SEK,2025-09-05T12:17:28.843651,TRANSFER
TX-9E16E2911066,U-EAF8E418,U-85E23257,33351.92,SEK,2025-10-14T12:17:28.843651,TRANSFER
TX-284040186854,U-52940471,U-AF2C94E5,11810.82,SEK,2025-11-01T12:17:28.843651,TRANSFER
TX-BB3ACF23394B,U-9DFE947F,U-91723BAC,34499.68,SEK,2025-11-07T12:17:28.843651,TRANSFER
TX-574ECEF1F0DE,U-82308133,U-F1F65246,10621.84,SEK,2025-09-16T12:17:28.843651,TRANSFER
TX-6845723F7D9A,U-19572687,U-EBE9098D,17279.69,SEK,2025-11-09T12:17:28.843651,TRANSFER
TX-4F66E4D0FEA5,U-F0300908,U-B34E644D,31668.31,SEK,2025-10-04T12:17:28.843651,TRANSFER
TX-253B2B01857C,U-55179B0D,U-2BD65D23,7171.44,SEK,2025-09-10T12:17:28.843651,TRANSFER
TX-F60E734F8353,U-82308133,U-490DEEA5,10625.16,SEK,2025-11-26T12:17:28.843651,TRANSFER
TX-AD7DB485C06F,U-AD06EC0E,U-4145A2E6,24066.22,SEK,2025-10-25T12:17:28.843651,TRANSFER
TX-DA6DE0AA6289,U-B88E28FE,U-EA21961E,48014.92,SEK,2025-11-17T12:17:28.843651,TRANSFER
TX-C03EB481C0EB,U-46FCB00A,U-56C46D18,46141.02,SEK,2025-09-10T12:17:28.843651,TRANSFER
TX-991F5CE3EB3F,U-F22CE070,U-ACA9BFBB,10625.17,SEK,2025-09-08T12:17:28.843651,TRANSFER
TX-060EDDC5A9FA,U-032928E4,U-BB3E915B,45208.08,SEK,2025-09-28T12:17:28.843651,TRANSFER
TX-40F8323B0C52,U-2C013416,U-46FCB00A,24261.08,SEK,2025-09-21T12:17:28.843651,TRANSFER
TX-3EE0DAE5FF1E,U-D3CA6B12,U-2BD65D23,20580.2,SEK,2025-10-26T12:17:28.843651,TRANSFER
TX-3D60F80F17EC,U-ACA9BFBB,U-7BC4412E,38775.74,SEK,2025-10-09T12:17:28.843651,TRANSFER
TX-409AC257B09A,U-E681EA30,U-8DFC97F4,33313.23,SEK,2025-09-14T12:17:28.843651,TRANSFER
TX-D74D141FFFD4,U-19572687,U-3FC0DB2C,30230.39,SEK,2025-10-07T12:17:28.843651,TRANSFER
TX-117A4255A269,U-B15BB7C7,U-1A6C3377,46858.04,SEK,2025-10-24T12:17:28.843651,TRANSFER
TX-F03D0CAA94D8,U-8B6A5FD9,U-7CFB8E6B,46667.83,SEK,2025-11-11T12:17:28.843651,TRANSFER
TX-66BA5DB8607E,U-E466E98D,U-A6399F5F,30210.17,SEK,2025-11-06T12:17:28.843651,TRANSFER
TX-5C2B472E45F3,U-F602A73E,U-AC074304,42195.36,SEK,2025-10-22T12:17:28.843651,TRANSFER
TX-B07E108466C9,U-56C46D18,U-63DCAFD0,40390.03,SEK,2025-09-19T12:17:28.843651,TRANSFER
TX-2DEDBD7B459E,U-1A6C3377,U-85E23257,389.9,SEK,2025-11-12T12:17:28.843651,TRANSFER
TX-F934E3EC3528,U-F22CE070,U-032928E4,17410.26,SEK,2025-09-06T12:17:28.843651,TRANSFER
TX-B1CA698A2B62,U-E681EA30,U-490DEEA5,37563.32,SEK,2025-10-17T12:17:28.843651,TRANSFER
TX-5B49B500435B,U-ACA9BFBB,U-095123A5,27718.0,SEK,2025-11-02T12:17:28.843651,TRANSFER
TX-285AE735FF11,U-D3CA6B12,U-9DFCE14D,29860.52,SEK,2025-11-28T12:17:28.843651,TRANSFER
TX-A3039596471A,U-9DFE947F,U-EA21961E,26340.78,SEK,2025-11-24T12:17:28.843651,TRANSFER
TX-2B7858436418,U-BB3E915B,U-AF2C94E5,28701.65,SEK,2025-10-02T12:17:28.843651,TRANSFER
TX-94CA3913CDDD,U-55179B0D,U-1A6C3377,39362.94,SEK,2025-10-24T12:17:28.843651,TRANSFER
TX-2D6ECCE5EFD6,U-EBE9098D,U-1A6C3377,12578.27,SEK,2025-11-13T12:17:28.843651,TRANSFER
TX-248FD103D4E8,U-5B8A997B,U-78A35E2E,30615.51,SEK,2025-10-11T12:17:28.843651,TRANSFER
TX-0F20C49DC689,U-D61FECD0,U-38455E9C,12460.66,SEK,2025-10-28T12:17:28.843651,TRANSFER
TX-FFD18874160F,U-31005BC3,U-8B6A5FD9,25873.03,SEK,2025-11-17T12:17:28.843651,TRANSFER
TX-4DA500DC4278,U-82308133,U-697B35FF,31933.19,SEK,2025-10-19T12:17:28.843651,TRANSFER
TX-C32780E2ABBA,U-2FD47D83,U-2BD65D23,41433.06,SEK,2025-09-03T12:17:28.843651,TRANSFER
TX-BEB60AFC750B,U-38455E9C,U-2C013416,44647.06,SEK,2025-11-07T12:17:28.843651,TRANSFER
TX-43F0DD8A61D2,U-1E9F9E86,U-AC074304,16694.0,SEK,2025-10-13T12:17:28.843651,TRANSFER
TX-D46CC243C0B4,U-8540D3B7,U-1E9F9E86,28534.37,SEK,2025-09-15T12:17:28.843651,TRANSFER
TX-273979A0713B,U-2C013416,U-52723C43,8596.4,SEK,2025-09-04T12:17:28.843651,TRANSFER
TX-822390C66F87,U-AF2C94E5,U-7CFB8E6B,17798.18,SEK,2025-09-13T12:17:28.843651,TRANSFER
TX-23A8F352DBDB,U-20B600BB,U-9DFE947F,19392.33,SEK,2025-10-13T12:17:28.843651,TRANSFER
TX-1EC2EAC22C32,U-1394B876,U-FC982775,7512.19,SEK,2025-09-25T12:17:28.843651,TRANSFER
TX-7429E65D2DB1,U-B34E644D,U-6398255A,24486.53,SEK,2025-09-22T12:17:28.843651,TRANSFER
TX-DDF31C5D0412,U-82308133,U-9DFCE14D,38102.9,SEK,2025-12-02T12:17:28.843651,TRANSFER
TX-A0B51C0E5349,U-D126D72E,U-832433E5,11160.65,SEK,2025-10-03T12:17:28.843651,TRANSFER
TX-5CD47C468F1C,U-55179B0D,U-A6399F5F,10917.65,SEK,2025-09-21T12:17:28.843651,TRANSFER
TX-898AA89C97D2,U-AC074304,U-F22CE070,2880.48,SEK,2025-11-10T12:17:28.843651,TRANSFER
TX-64C4A4BBDAB4,U-F602A73E,U-490DEEA5,19221.72,SEK,2025-10-30T12:17:28.843651,TRANSFER
TX-09FCD9827125,U-0394A4E6,U-B3E4424F,22229.97,SEK,2025-11-02T12:17:28.843651,TRANSFER
TX-52C59F9E8A12,U-5E14F388,U-062F0271,2393.16,SEK,2025-09-13T12:17:28.843651,TRANSFER
TX-47B115C99CE9,U-61F1CC2F,U-5B8A997B,17222.48,SEK,2025-09-19T12:17:28.843651,TRANSFER
TX-9D2B569E471E,U-F1F65246,U-F22CE070,24905.98,SEK,2025-11-02T12:17:28.843651,TRANSFER
TX-5A3D5B4AF88D,U-82308133,U-5B343EFB,20033.91,SEK,2025-11-10T12:17:28.843651,TRANSFER
TX-D54309C00B1E,U-85E23257,U-5B343EFB,21732.76,SEK,2025-10-11T12:17:28.843651,TRANSFER
TX-10B18775FEE3,U-B88E28FE,U-7BC4412E,16080.11,SEK,2025-09-24T12:17:28.843651,TRANSFER
TX-63EA46C7826F,U-19572687,U-D3CA6B12,6380.36,SEK,2025-11-13T12:17:28.843651,TRANSFER
TX-486F1D1E706D,U-BA9E9B72,U-5F13B2F9,33732.47,SEK,2025-12-02T12:17:28.843651,TRANSFER
TX-0BAC276DAF95,U-F0300908,U-1A6C3377,31171.08,SEK,2025-11-10T12:17:28.843651,TRANSFER
TX-13153494BDA7,U-2BB7762B,U-6398255A,45822.75,SEK,2025-10-23T12:17:28.843651,TRANSFER
TX-F355FFD1A447,U-7BC4412E,U-490DEEA5,27430.76,SEK,2025-11-20T12:17:28.843651,TRANSFER
TX-DD43C1DB5635,U-FC982775,U-9DFE947F,6407.85,SEK,2025-09-21T12:17:28.843651,TRANSFER
TX-EFF6356F0528,U-D126D72E,U-55179B0D,28335.75,SEK,2025-09-03T12:17:28.843651,TRANSFER
TX-3200F3F48959,U-697B35FF,U-20B600BB,13331.64,SEK,2025-11-25T12:17:28.843651,TRANSFER
TX-7745763FB3EE,U-20B600BB,U-D3CA6B12,6477.69,SEK,2025-09-04T12:17:28.843651,TRANSFER
TX-BAF1C6484030,U-D126D72E,U-8540D3B7,13304.77,SEK,2025-10-27T12:17:28.843651,TRANSFER
TX-3A3746C2D992,U-7BD99A15,U-0E32A873,44280.09,SEK,2025-09-08T12:17:28.843651,TRANSFER
TX-F3E4AEBCAB70,U-793D8767,U-EBE9098D,33139.46,SEK,2025-10-01T12:17:28.843651,TRANSFER
TX-2FC6EAC55813,U-B04F9201,U-6398255A,30487.25,SEK,2025-09-09T12:17:28.843651,TRANSFER
TX-8CC1827FF22F,U-EBE9098D,U-7CFB8E6B,48430.23,SEK,2025-09-25T12:17:28.843651,TRANSFER
TX-8EE33D1134A7,U-1394B876,U-8540D3B7,44840.25,SEK,2025-10-04T12:17:28.843651,TRANSFER
TX-58FD29ECE299,U-2FD47D83,U-567ECBE0,2862.59,SEK,2025-10-07T12:17:28.843651,TRANSFER
TX-0596CD275AEA,U-832433E5,U-82A69CAF,12733.5,SEK,2025-11-15T12:17:28.843651,TRANSFER
TX-A74F44F6EF28,U-8540D3B7,U-7BC4412E,17804.11,SEK,2025-09-09T12:17:28.843651,TRANSFER
TX-57855011BD07,U-61F1CC2F,U-B9858C18,44051.65,SEK,2025-09-12T12:17:28.843651,TRANSFER
TX-44C8353FAB66,U-2BB7762B,U-697B35FF,40799.53,SEK,2025-11-21T12:17:28.843651,TRANSFER
TX-02C4C08EF0D4,U-B04F9201,U-46FCB00A,32715.42,SEK,2025-09-19T12:17:28.843651,TRANSFER
TX-6F83BD3A8C70,U-095123A5,U-9DFCE14D,3476.92,SEK,2025-09-12T12:17:28.843651,TRANSFER
TX-9F964782426E,U-BB3E915B,U-E681EA30,5929.12,SEK,2025-10-17T12:17:28.843651,TRANSFER
TX-2C0D74C06133,U-5B8A997B,U-1E9F9E86,20977.98,SEK,2025-11-23T12:17:28.843651,TRANSFER
TX-DB0F8D029783,U-52940471,U-69448C08,30858.49,SEK,2025-09-04T12:17:28.843651,TRANSFER
TX-3DEA90B86440,U-5B8A997B,U-F602A73E,14283.29,SEK,2025-09-27T12:17:28.843651,TRANSFER
TX-7220B092D898,U-5F13B2F9,U-55179B0D,20427.78,SEK,2025-11-08T12:17:28.843651,TRANSFER
TX-769E36E3859B,U-4C164A94,U-095123A5,21202.83,SEK,2025-09-16T12:17:28.843651,TRANSFER
TX-7D89BCD8560C,U-062F0271,U-D126D72E,33366.72,SEK,2025-09-14T12:17:28.843651,TRANSFER
TX-5B1A148833E9,U-0E32A873,U-46FCB00A,9551.77,SEK,2025-10-26T12:17:28.843651,TRANSFER
TX-55F0751F12E4,U-ACA9BFBB,U-9DFE947F,43431.39,SEK,2025-09-10T12:17:28.843651,TRANSFER
TX-60FDB9957CE3,U-9D2B9C17,U-032928E4,4072.66,SEK,2025-10-19T12:17:28.843651,TRANSFER
TX-6C51F24A685A,U-BA9E9B72,U-69448C08,10917.27,SEK,2025-11-17T12:17:28.843651,TRANSFER
TX-F3EF3B2DD034,U-BD86FB58,U-55179B0D,38639.94,SEK,2025-11-13T12:17:28.843651,TRANSFER
TX-6388F992F9A7,U-19572687,U-B04F9201,16905.33,SEK,2025-12-01T12:17:28.843651,TRANSFER
TX-21FE3DB42759,U-B34FC55E,U-69448C08,43065.25,SEK,2025-10-31T12:17:28.843651,TRANSFER
TX-2D84EAEB0B7D,U-8605B00D,U-46FCB00A,1243.85,SEK,2025-10-12T12:17:28.843651,TRANSFER
TX-C1D87C562F01,U-63DCAFD0,U-567ECBE0,49561.73,SEK,2025-09-14T12:17:28.843651,TRANSFER
TX-FC97F549571D,U-CD04EA29,U-539B7F4F,10289.51,SEK,2025-10-11T12:17:28.843651,TRANSFER
TX-9F8DDA041973,U-5B343EFB,U-0394A4E6,22093.17,SEK,2025-11-16T12:17:28.843651,TRANSFER
TX-CF3F15AB5CA9,U-CA1ABBAD,U-82A69CAF,13188.31,SEK,2025-09-16T12:17:28.843651,TRANSFER
TX-98A7DA6F6571,U-F602A73E,U-1E0A7A66,2323.46,SEK,2025-10-17T12:17:28.843651,TRANSFER
TX-872C33C9893A,U-1394B876,U-243DAC86,39005.65,SEK,2025-09-07T12:17:28.843651,TRANSFER
TX-AB9329BA7EC0,U-0E32A873,U-9DFCE14D,29565.71,SEK,2025-11-27T12:17:28.843651,TRANSFER
TX-91B2F6A40AEE,U-4DA4AE7B,U-7BC4412E,33533.1,SEK,2025-09-09T12:17:28.843651,TRANSFER
TX-8DF695CB429A,U-9DFE947F,U-90B9F64C,26555.67,SEK,2025-11-19T12:17:28.843651,TRANSFER
TX-A0B004C6EAB0,U-490DEEA5,U-6C54AE82,3750.64,SEK,2025-09-03T12:17:28.843651,TRANSFER
TX-79F993C5AB34,U-1E9F9E86,U-BB3E915B,48207.62,SEK,2025-11-26T12:17:28.843651,TRANSFER
TX-FEF5B9F6C2FD,U-BA9E9B72,U-AF2C94E5,35588.93,SEK,2025-10-06T12:17:28.843651,TRANSFER
TX-439D19C7E04A,U-55179B0D,U-D126D72E,4672.06,SEK,2025-10-24T12:17:28.843651,TRANSFER
TX-39E86301C0EC,U-F1F65246,U-82308133,15396.67,SEK,2025-11-30T12:17:28.843651,TRANSFER
TX-E8D8885B8B43,U-5B8A997B,U-E466E98D,39675.31,SEK,2025-11-16T12:17:28.843651,TRANSFER
TX-766EA23020D3,U-490DEEA5,U-5118C6A7,45479.79,SEK,2025-11-05T12:17:28.843651,TRANSFER
TX-E57004813284,U-BB3E915B,U-82A69CAF,41733.24,SEK,2025-10-07T12:17:28.843651,TRANSFER
TX-4F7B24929778,U-E466E98D,U-56C46D18,43664.29,SEK,2025-11-18T12:17:28.843651,TRANSFER
TX-BCB0A7B6F790,U-F0300908,U-82A69CAF,32785.16,SEK,2025-10-29T12:17:28.843651,TRANSFER
TX-1715EFEECDB1,U-D3CA6B12,U-78A35E2E,23001.37,SEK,2025-10-22T12:17:28.843651,TRANSFER
TX-4E47B8BBB717,U-20B600BB,U-8E245F7F,11545.63,SEK,2025-10-12T12:17:28.843651,TRANSFER
TX-C47968AFCF45,U-20B600BB,U-8DFC97F4,25127.82,SEK,2025-09-28T12:17:28.843651,TRANSFER
TX-200964490744,U-B34FC55E,U-AC074304,8558.94,SEK,2025-10-08T12:17:28.843651,TRANSFER
TX-79E0CE58F04E,U-52940471,U-EAF8E418,12765.41,SEK,2025-11-07T12:17:28.843651,TRANSFER
TX-CF90A6814C4B,U-E20E3420,U-82308133,40399.39,SEK,2025-09-18T12:17:28.843651,TRANSFER
TX-55D01194644A,U-7BD99A15,U-85E23257,15720.19,SEK,2025-10-31T12:17:28.843651,TRANSFER
TX-BB566744D823,U-1394B876,U-0394A4E6,38777.08,SEK,2025-10-08T12:17:28.843651,TRANSFER
TX-B9D5B857FB79,U-B9858C18,U-4DA4AE7B,33079.34,SEK,2025-12-01T12:17:28.843651,TRANSFER
TX-B30FFA0A7EC9,U-46FCB00A,U-832433E5,3852.9,SEK,2025-09-21T12:17:28.843651,TRANSFER
TX-CAB4F58E7727,U-52940471,U-56C46D18,8684.01,SEK,2025-09-27T12:17:28.843651,TRANSFER
TX-177A0377952F,U-AD06EC0E,U-9DFE947F,40271.05,SEK,2025-11-08T12:17:28.843651,TRANSFER
TX-130E4B1B7C03,U-AC074304,U-F1F65246,12055.65,SEK,2025-11-21T12:17:28.843651,TRANSFER
TX-7206E52A1E95,U-BD86FB58,U-ACA9BFBB,31109.64,SEK,2025-09-06T12:17:28.843651,TRANSFER
TX-F0B7C02EF224,U-69448C08,U-4DA4AE7B,27321.45,SEK,2025-10-31T12:17:28.843651,TRANSFER
TX-6C6C6338FA46,U-1A6C3377,U-E466E98D,12836.14,SEK,2025-09-30T12:17:28.843651,TRANSFER
TX-5B6F028E9FC7,U-A6399F5F,U-8DFC97F4,46478.78,SEK,2025-09-16T12:17:28.843651,TRANSFER
TX-935358521D3A,U-490DEEA5,U-61F1CC2F,36905.58,SEK,2025-11-17T12:17:28.843651,TRANSFER
TX-C0A1377928D8,U-82A69CAF,U-5F13B2F9,5993.31,SEK,2025-10-30T12:17:28.843651,TRANSFER
TX-9CC0DFE79531,U-EAF8E418,U-3FC0DB2C,20339.8,SEK,2025-09-30T12:17:28.843651,TRANSFER
TX-849C72EEB14D,U-3FC0DB2C,U-EBE9098D,43022.02,SEK,2025-11-07T12:17:28.843651,TRANSFER
TX-416F4B696B28,U-82A69CAF,U-52940471,1603.85,SEK,2025-11-19T12:17:28.843651,TRANSFER
TX-8243C481371A,U-793D8767,U-56C46D18,1301.96,SEK,2025-11-01T12:17:28.843651,TRANSFER
TX-23D3BF44710A,U-63DCAFD0,U-AD06EC0E,43592.69,SEK,2025-09-08T12:17:28.843651,TRANSFER
TX-308DA8980C30,U-8E245F7F,U-4C164A94,12904.44,SEK,2025-10-07T12:17:28.843651,TRANSFER
TX-7B08C1849A15,U-7CFB8E6B,U-1E0A7A66,631.85,SEK,2025-09-17T12:17:28.843651,TRANSFER
TX-24E22D4DA5B8,U-BA9E9B72,U-46FCB00A,5176.61,SEK,2025-10-06T12:17:28.843651,TRANSFER
TX-71889FDD4BF9,U-31005BC3,U-AF2C94E5,16359.53,SEK,2025-10-16T12:17:28.843651,TRANSFER
TX-7D7F40317A46,U-D61FECD0,U-63DCAFD0,14915.46,SEK,2025-11-20T12:17:28.843651,TRANSFER
TX-8879107347CF,U-490DEEA5,U-5B8A997B,45424.06,SEK,2025-09-29T12:17:28.843651,TRANSFER
TX-7ED2DC34E68A,U-90B9F64C,U-EA21961E,31671.62,SEK,2025-10-13T12:17:28.843651,TRANSFER
TX-4BEA0A696F0E,U-8057742D,U-B88E28FE,24175.5,SEK,2025-09-07T12:17:28.843651,TRANSFER
TX-CE8F9ADEC39A,U-52723C43,U-5F13B2F9,24854.12,SEK,2025-09-23T12:17:28.843651,TRANSFER
TX-FC76E406BB52,U-BD86FB58,U-8540D3B7,26917.89,SEK,2025-09-08T12:17:28.843651,TRANSFER
TX-6B3C9D497D82,U-BD86FB58,U-227CA6E7,561.9,SEK,2025-09-07T12:17:28.843651,TRANSFER
TX-7A1FB15124E8,U-2C013416,U-A6399F5F,4498.55,SEK,2025-11-06T12:17:28.843651,TRANSFER
TX-4BE19861E7EA,U-82A69CAF,U-B34E644D,38736.37,SEK,2025-09-16T12:17:28.843651,TRANSFER
TX-EA8B561CA4A6,U-85E23257,U-243DAC86,7140.3,SEK,2025-10-25T12:17:28.843651,TRANSFER
TX-D482A2116C00,U-AF2C94E5,U-7BD99A15,2044.36,SEK,2025-10-07T12:17:28.843651,TRANSFER
TX-4BFF34349A4A,U-BD86FB58,U-90B9F64C,15428.47,SEK,2025-09-26T12:17:28.843651,TRANSFER
TX-B20E3970B212,U-BA9E9B72,U-DCCDC403,25896.41,SEK,2025-10-02T12:17:28.843651,TRANSFER
TX-28ED914A327A,U-8540D3B7,U-91723BAC,40041.34,SEK,2025-10-26T12:17:28.843651,TRANSFER
TX-985364811CDD,U-61F1CC2F,U-F1F65246,6412.35,SEK,2025-10-27T12:17:28.843651,TRANSFER
TX-B9E2172167A9,U-EA21961E,U-832433E5,46926.39,SEK,2025-10-20T12:17:28.843651,TRANSFER
TX-E7DE8F1E7FE5,U-1E9F9E86,U-20B600BB,8858.85,SEK,2025-10-19T12:17:28.843651,TRANSFER
TX-9E223D896290,U-20B600BB,U-4C164A94,30336.75,SEK,2025-09-16T12:17:28.843651,TRANSFER
TX-E84E7766975A,U-5B8A997B,U-82A69CAF,22603.04,SEK,2025-10-24T12:17:28.843651,TRANSFER
TX-3C760C4E9918,U-8E245F7F,U-243DAC86,3068.45,SEK,2025-09-19T12:17:28.843651,TRANSFER
TX-4D3076040E82,U-4DA4AE7B,U-AF2C94E5,13726.3,SEK,2025-09-08T12:17:28.843651,TRANSFER
TX-5013E031A0D0,U-52723C43,U-5E14F388,43744.91,SEK,2025-10-23T12:17:28.843651,TRANSFER
TX-933A01DED6C2,U-B3E4424F,U-793D8767,13106.82,SEK,2025-11-21T12:17:28.843651,TRANSFER
TX-78D814DCB089,U-1E9F9E86,U-82A69CAF,48318.52,SEK,2025-11-15T12:17:28.843651,TRANSFER
TX-401E361BC6BF,U-DD2CA501,U-EA21961E,8955.67,SEK,2025-11-30T12:17:28.843651,TRANSFER
TX-55728095C700,U-D3CA6B12,U-243DAC86,49296.18,SEK,2025-09-26T12:17:28.843651,TRANSFER
TX-00F0B4CA517B,U-697B35FF,U-8540D3B7,26510.03,SEK,2025-12-01T12:17:28.843651,TRANSFER
TX-FE7A03C6B475,U-567ECBE0,U-7BC4412E,16724.67,SEK,2025-10-27T12:17:28.843651,TRANSFER
TX-4C26D17F683F,U-4145A2E6,U-4DA4AE7B,5996.62,SEK,2025-10-31T12:17:28.843651,TRANSFER
TX-3E0B9B7918A5,U-F22CE070,U-FC982775,7155.25,SEK,2025-11-15T12:17:28.843651,TRANSFER
TX-784F174F3F0D,U-69448C08,U-AC074304,7657.19,SEK,2025-10-03T12:17:28.843651,TRANSFER
TX-904E0AD12634,U-567ECBE0,U-4DA4AE7B,16010.15,SEK,2025-09-07T12:17:28.843651,TRANSFER
TX-DC5009A6C856,U-D126D72E,U-539B7F4F,13901.23,SEK,2025-09-25T12:17:28.843651,TRANSFER
TX-FD0584E50143,U-8540D3B7,U-2C013416,37130.01,SEK,2025-11-10T12:17:28.843651,TRANSFER
TX-721AF7ED3415,U-9DFCE14D,U-0E32A873,2801.91,SEK,2025-09-24T12:17:28.843651,TRANSFER
TX-164890BA45E6,U-BA9E9B72,U-46FCB00A,14785.73,SEK,2025-11-17T12:17:28.843651,TRANSFER
TX-814C13C96BF6,U-B15BB7C7,U-1E0A7A66,16692.82,SEK,2025-09-17T12:17:28.843651,TRANSFER
TX-55E5D8FF6B02,U-0E32A873,U-8B6A5FD9,26137.1,SEK,2025-10-11T12:17:28.843651,TRANSFER
TX-CD26DE4C2CDB,U-4C164A94,U-062F0271,20969.06,SEK,2025-11-09T12:17:28.843651,TRANSFER
TX-217FE42F135A,U-1E0A7A66,U-63DCAFD0,3287.53,SEK,2025-11-21T12:17:28.843651,TRANSFER
TX-SMURF-IN-AB813F7C,EXTERNAL_DEPOSIT,U-5B8A997B,87029.8,SEK,2025-11-09T12:17:28.843651,DEPOSIT
TX-SMURF-IN-B5833CC7,EXTERNAL_DEPOSIT,U-5B8A997B,94273.18,SEK,2025-11-09T12:17:28.843651,DEPOSIT
TX-SMURF-IN-E71ED860,EXTERNAL_DEPOSIT,U-5B8A997B,82833.34,SEK,2025-11-08T12:17:28.843651,DEPOSIT
TX-SMURF-IN-34F1AF42,EXTERNAL_DEPOSIT,U-5B8A997B,80931.17,SEK,2025-11-09T12:17:28.843651,DEPOSIT
TX-SMURF-IN-A733EF64,EXTERNAL_DEPOSIT,U-5B8A997B,80859.52,SEK,2025-11-07T12:17:28.843651,DEPOSIT
TX-SMURF-IN-543EDBF6,EXTERNAL_DEPOSIT,U-5B8A997B,85682.16,SEK,2025-11-12T12:17:28.843651,DEPOSIT
TX-SMURF-IN-885674F1,EXTERNAL_DEPOSIT,U-5B8A997B,94753.7,SEK,2025-11-12T12:17:28.843651,DEPOSIT
TX-SMURF-IN-6149528E,EXTERNAL_DEPOSIT,U-5B8A997B,85092.05,SEK,2025-11-02T12:17:28.843651,DEPOSIT
TX-SMURF-IN-8EDF41E9,EXTERNAL_DEPOSIT,U-5B8A997B,83145.55,SEK,2025-11-03T12:17:28.843651,DEPOSIT
TX-SMURF-IN-929DED75,EXTERNAL_DEPOSIT,U-5B8A997B,92411.61,SEK,2025-11-12T12:17:28.843651,DEPOSIT
TX-SMURF-OUT-85A10C80,U-5B8A997B,U-CD04EA29,867012.08,SEK,2025-11-13T12:17:28.843651,TRANSFER
TX-MULE-IN-1AE3CC9C,EXTERNAL_WIRE,U-2BB7762B,168138.2,SEK,2025-11-22T12:17:28.843651,WIRE_IN
TX-MULE-OUT-6D7D2649,U-2BB7762B,U-46FCB00A,159731.29,SEK,2025-11-22T14:17:28.843651,TRANSFER
TX-MULE-IN-99AE54B8,EXTERNAL_WIRE,U-90B9F64C,194505.5,SEK,2025-11-23T12:17:28.843651,WIRE_IN
TX-MULE-OUT-E207E50F,U-90B9F64C,U-46FCB00A,184780.225,SEK,2025-11-23T14:17:28.843651,TRANSFER
TX-MULE-IN-EF7BEC78,EXTERNAL_WIRE,U-ADA6B48C,185000.92,SEK,2025-11-24T12:17:28.843651,WIRE_IN
TX-MULE-OUT-DAA86240,U-ADA6B48C,U-46FCB00A,175750.874,SEK,2025-11-24T14:17:28.843651,TRANSFER
TX-MULE-IN-58897181,EXTERNAL_WIRE,U-F0300908,177846.43,SEK,2025-11-24T12:17:28.843651,WIRE_IN
TX-MULE-OUT-3B0C6D67,U-F0300908,U-46FCB00A,168954.10849999997,SEK,2025-11-24T14:17:28.843651,TRANSFER
TX-MULE-IN-35F7FB08,EXTERNAL_WIRE,U-B04F9201,210204.53,SEK,2025-11-22T12:17:28.843651,WIRE_IN
TX-MULE-OUT-2E8C76CC,U-B04F9201,U-46FCB00A,199694.30349999998,SEK,2025-11-22T14:17:28.843651,TRANSFER
TX-FP-RICH-C4A28AF3,U-B34FC55E,EXTERNAL_MERCHANT_LUXURY_GOODS,302139.45,SEK,2025-10-24T12:17:28.843651,PURCHASE
TX-FP-GEO-9F6C8BEB,U-55179B0D,EXTERNAL_SUPPLIER_HIGH_RISK_GEO,445095.65,SEK,2025-10-15T12:17:28.843651,WIRE_OUT
